AF-A7UNK4-F1-model_v4,len=94,ExpAA=0.01,First60=0.01,PredHel=0,Topology=o
AF-Q5KTN2-F1-model_v4,len=537,ExpAA=20.32,First60=20.12,PredHel=1,Topology=i5-24o
AF-D4AY62-F1-model_v4,len=499,ExpAA=0.22,First60=0.21,PredHel=0,Topology=o
AF-Q1E8D2-F1-model_v4,len=146,ExpAA=6.89,First60=6.87,PredHel=0,Topology=o
AF-Q1E8D2-F1-model_v4,len=146,ExpAA=6.89,First60=6.87,PredHel=0,Topology=o
AF-C7ZLJ8-F1-model_v4,len=75,ExpAA=2.85,First60=2.85,PredHel=0,Topology=o
AF-C7ZLJ8-F1-model_v4,len=75,ExpAA=2.85,First60=2.85,PredHel=0,Topology=o
AF-A0A067TGY0-F1-model_v4,len=82,ExpAA=0.04,First60=0.01,PredHel=0,Topology=o
AF-A0A137QU22-F1-model_v4,len=84,ExpAA=1.07,First60=0.03,PredHel=0,Topology=o
AF-A0A137QU22-F1-model_v4,len=84,ExpAA=1.07,First60=0.03,PredHel=0,Topology=o
AF-A0A094E4Z2-F1-model_v4,len=385,ExpAA=0.01,First60=0.00,PredHel=0,Topology=o
AF-A0A1B8AQW3-F1-model_v4,len=185,ExpAA=0.00,First60=0.00,PredHel=0,Topology=o
AF-A0A4P9ZZN9-F1-model_v4,len=70,ExpAA=0.01,First60=0.01,PredHel=0,Topology=o
AF-A0A4P9ZZN9-F1-model_v4,len=70,ExpAA=0.01,First60=0.01,PredHel=0,Topology=o
AF-A0A6G1J3A6-F1-model_v4,len=244,ExpAA=0.00,First60=0.00,PredHel=0,Topology=o
AF-A0A109FKV6-F1-model_v4,len=84,ExpAA=0.24,First60=0.04,PredHel=0,Topology=o
AF-A0A1Y2EY68-F1-model_v4,len=89,ExpAA=0.50,First60=0.49,PredHel=0,Topology=o
AF-A0A0C9V7P3-F1-model_v4,len=71,ExpAA=0.00,First60=0.00,PredHel=0,Topology=o
AF-A0A0C9V7P3-F1-model_v4,len=71,ExpAA=0.00,First60=0.00,PredHel=0,Topology=o
AF-A0A3N4J8G5-F1-model_v4,len=75,ExpAA=0.13,First60=0.13,PredHel=0,Topology=o
AF-F9GAP4-F1-model_v4,len=161,ExpAA=0.05,First60=0.00,PredHel=0,Topology=o
AF-A0A3N4J8G5-F1-model_v4,len=75,ExpAA=0.13,First60=0.13,PredHel=0,Topology=o
AF-A0A1Y2ETU3-F1-model_v4,len=84,ExpAA=1.75,First60=0.01,PredHel=0,Topology=o
AF-A0A1Y2ETU3-F1-model_v4,len=84,ExpAA=1.75,First60=0.01,PredHel=0,Topology=o
AF-A0A1Y3NQ72-F1-model_v4,len=81,ExpAA=0.00,First60=0.00,PredHel=0,Topology=o
AF-A0A367J110-F1-model_v4,len=80,ExpAA=0.09,First60=0.09,PredHel=0,Topology=o
AF-A0A367J110-F1-model_v4,len=80,ExpAA=0.09,First60=0.09,PredHel=0,Topology=o
AF-A0A0B7KMB5-F1-model_v4,len=126,ExpAA=3.23,First60=0.01,PredHel=0,Topology=o
AF-A0A6A6SQ41-F1-model_v4,len=303,ExpAA=2.37,First60=2.37,PredHel=0,Topology=o
AF-A0A067TGY0-F1-model_v4,len=82,ExpAA=0.04,First60=0.01,PredHel=0,Topology=o
AF-A0A1B7NBU7-F1-model_v4,len=201,ExpAA=0.04,First60=0.00,PredHel=0,Topology=o
AF-A0A015LUE2-F1-model_v4,len=76,ExpAA=0.00,First60=0.00,PredHel=0,Topology=i
AF-A0A316Z893-F1-model_v4,len=82,ExpAA=0.00,First60=0.00,PredHel=0,Topology=o
AF-A0A1Y2TWA8-F1-model_v4,len=227,ExpAA=18.41,First60=18.40,PredHel=1,Topology=o4-21i
AF-A0A316Z893-F1-model_v4,len=82,ExpAA=0.00,First60=0.00,PredHel=0,Topology=o
AF-A0A1B8E6X3-F1-model_v4,len=148,ExpAA=0.22,First60=0.09,PredHel=0,Topology=o
AF-A0A1Y3NQ72-F1-model_v4,len=81,ExpAA=0.00,First60=0.00,PredHel=0,Topology=o
AF-A0A316ZAF7-F1-model_v4,len=87,ExpAA=0.58,First60=0.58,PredHel=0,Topology=o
AF-A0A1Y2EY68-F1-model_v4,len=89,ExpAA=0.50,First60=0.49,PredHel=0,Topology=o
AF-A0A316ZAF7-F1-model_v4,len=87,ExpAA=0.58,First60=0.58,PredHel=0,Topology=o
AF-G2YAH4-F1-model_v4,len=378,ExpAA=18.70,First60=18.47,PredHel=1,Topology=i2-24o
AF-A0A1L7WQJ3-F1-model_v4,len=409,ExpAA=2.21,First60=1.98,PredHel=0,Topology=o
AF-A0A6M7Z392-F1-model_v4,len=447,ExpAA=0.18,First60=0.00,PredHel=0,Topology=o
AF-A0A0D7BN45-F1-model_v4,len=169,ExpAA=0.01,First60=0.00,PredHel=0,Topology=o
AF-A0A0D7BN45-F1-model_v4,len=169,ExpAA=0.01,First60=0.00,PredHel=0,Topology=o
AF-A0A165P7V0-F1-model_v4,len=92,ExpAA=0.22,First60=0.01,PredHel=0,Topology=o
AF-A0A066WF48-F1-model_v4,len=94,ExpAA=0.04,First60=0.00,PredHel=0,Topology=o
AF-A0A165P7V0-F1-model_v4,len=92,ExpAA=0.22,First60=0.01,PredHel=0,Topology=o
AF-A0A066WF48-F1-model_v4,len=94,ExpAA=0.04,First60=0.00,PredHel=0,Topology=o
AF-A0A409WSU9-F1-model_v4,len=745,ExpAA=3.13,First60=0.00,PredHel=0,Topology=o
AF-H0EYU1-F1-model_v4,len=234,ExpAA=0.00,First60=0.00,PredHel=0,Topology=o
AF-A0A066V5U1-F1-model_v4,len=93,ExpAA=0.02,First60=0.02,PredHel=0,Topology=o
AF-A0A0J0XN24-F1-model_v4,len=264,ExpAA=18.41,First60=18.40,PredHel=1,Topology=i2-21o
AF-A0A507FCS0-F1-model_v4,len=456,ExpAA=2.45,First60=2.40,PredHel=0,Topology=o
AF-A0A4Y7PH38-F1-model_v4,len=85,ExpAA=0.00,First60=0.00,PredHel=0,Topology=i
AF-A0A2H3EBF3-F1-model_v4,len=288,ExpAA=0.03,First60=0.00,PredHel=0,Topology=o
AF-A0A0L6VTD4-F1-model_v4,len=152,ExpAA=3.49,First60=3.49,PredHel=0,Topology=o
AF-A0A2H3EBF3-F1-model_v4,len=288,ExpAA=0.03,First60=0.00,PredHel=0,Topology=o
AF-A0A0D9P8P2-F1-model_v4,len=84,ExpAA=0.00,First60=0.00,PredHel=0,Topology=o
AF-A0A0D9P8P2-F1-model_v4,len=84,ExpAA=0.00,First60=0.00,PredHel=0,Topology=o
AF-A0A1Y2GIN2-F1-model_v4,len=82,ExpAA=0.01,First60=0.01,PredHel=0,Topology=o
AF-A0A1Y2GIN2-F1-model_v4,len=82,ExpAA=0.01,First60=0.01,PredHel=0,Topology=o
AF-A0A067Q9S4-F1-model_v4,len=77,ExpAA=11.01,First60=11.01,PredHel=0,Topology=o
AF-A0A0C4F8Z2-F1-model_v4,len=261,ExpAA=0.58,First60=0.44,PredHel=0,Topology=o
AF-A0A367KSP0-F1-model_v4,len=95,ExpAA=0.02,First60=0.00,PredHel=0,Topology=o
AF-A0A0D1ZLH5-F1-model_v4,len=409,ExpAA=0.02,First60=0.00,PredHel=0,Topology=o
AF-A0A409WSU9-F1-model_v4,len=745,ExpAA=3.13,First60=0.00,PredHel=0,Topology=o
AF-A0A0C9V805-F1-model_v4,len=93,ExpAA=0.43,First60=0.00,PredHel=0,Topology=o
AF-A0A0D2MA91-F1-model_v4,len=280,ExpAA=0.36,First60=0.31,PredHel=0,Topology=o
AF-A0A067MUU3-F1-model_v4,len=295,ExpAA=13.54,First60=13.35,PredHel=0,Topology=o
AF-A0A1Q3EMP8-F1-model_v4,len=238,ExpAA=3.28,First60=0.00,PredHel=0,Topology=o
AF-A0A427XHJ5-F1-model_v4,len=269,ExpAA=15.30,First60=14.99,PredHel=0,Topology=o
AF-A0A2Z6QPQ1-F1-model_v4,len=140,ExpAA=19.91,First60=19.06,PredHel=1,Topology=o34-56i
AF-A0A367KSP0-F1-model_v4,len=95,ExpAA=0.02,First60=0.00,PredHel=0,Topology=o
AF-M5G3X3-F1-model_v4,len=127,ExpAA=15.32,First60=0.00,PredHel=0,Topology=o
AF-M5G3X3-F1-model_v4,len=127,ExpAA=15.32,First60=0.00,PredHel=0,Topology=o
AF-A0A0C4F8Z2-F1-model_v4,len=261,ExpAA=0.58,First60=0.44,PredHel=0,Topology=o
AF-A0A4P9Y3U7-F1-model_v4,len=328,ExpAA=6.15,First60=6.15,PredHel=0,Topology=o
AF-A0A1X6ML50-F1-model_v4,len=104,ExpAA=0.02,First60=0.01,PredHel=0,Topology=o
AF-A0A1X6ML50-F1-model_v4,len=104,ExpAA=0.02,First60=0.01,PredHel=0,Topology=o
AF-A0A150V1J0-F1-model_v4,len=213,ExpAA=0.24,First60=0.18,PredHel=0,Topology=o
AF-A0A507B5X1-F1-model_v4,len=402,ExpAA=36.66,First60=36.03,PredHel=2,Topology=o4-26i39-58o
AF-A0A1X2ID29-F1-model_v4,len=90,ExpAA=0.00,First60=0.00,PredHel=0,Topology=o
AF-A0A1X2ID29-F1-model_v4,len=90,ExpAA=0.00,First60=0.00,PredHel=0,Topology=o
AF-A7UNK4-F1-model_v4,len=94,ExpAA=0.01,First60=0.01,PredHel=0,Topology=o
AF-A0A2G5I358-F1-model_v4,len=226,ExpAA=5.53,First60=5.53,PredHel=0,Topology=o
AF-A0A4Y7PQ55-F1-model_v4,len=103,ExpAA=0.01,First60=0.00,PredHel=0,Topology=o
AF-B0E170-F1-model_v4,len=88,ExpAA=0.03,First60=0.03,PredHel=0,Topology=o
AF-A0A0C4EZR7-F1-model_v4,len=108,ExpAA=0.00,First60=0.00,PredHel=0,Topology=o
AF-B0E170-F1-model_v4,len=88,ExpAA=0.03,First60=0.03,PredHel=0,Topology=o
AF-A0A0H2R2I2-F1-model_v4,len=85,ExpAA=0.00,First60=0.00,PredHel=0,Topology=o
AF-A0A0C9W4G2-F1-model_v4,len=88,ExpAA=0.00,First60=0.00,PredHel=0,Topology=o
AF-A0A0H2R2I2-F1-model_v4,len=85,ExpAA=0.00,First60=0.00,PredHel=0,Topology=o
AF-A0A2S7QZ20-F1-model_v4,len=195,ExpAA=30.78,First60=21.64,PredHel=1,Topology=o5-27i
AF-E2LJS9-F1-model_v4,len=116,ExpAA=27.77,First60=0.00,PredHel=0,Topology=o
AF-K2SE83-F1-model_v4,len=191,ExpAA=8.52,First60=8.52,PredHel=0,Topology=o
AF-A0A0C9W4G2-F1-model_v4,len=88,ExpAA=0.00,First60=0.00,PredHel=0,Topology=o
AF-X0IVL1-F1-model_v4,len=193,ExpAA=5.81,First60=5.80,PredHel=0,Topology=o
AF-A0A067MUU3-F1-model_v4,len=295,ExpAA=13.54,First60=13.35,PredHel=0,Topology=o
AF-A0A2S7NVD0-F1-model_v4,len=251,ExpAA=21.40,First60=21.39,PredHel=1,Topology=o5-27i
AF-A0A0J0XN24-F1-model_v4,len=264,ExpAA=18.41,First60=18.40,PredHel=1,Topology=i2-21o
AF-E2LJS9-F1-model_v4,len=116,ExpAA=27.77,First60=0.00,PredHel=0,Topology=o
AF-A0A2K0UUP6-F1-model_v4,len=299,ExpAA=0.00,First60=0.00,PredHel=0,Topology=o
AF-A0A0H2UF94-F1-model_v4,len=259,ExpAA=19.08,First60=7.05,PredHel=1,Topology=o52-74i
AF-A0A166BA07-F1-model_v4,len=174,ExpAA=0.59,First60=0.11,PredHel=0,Topology=o
AF-A0A0N7LB66-F1-model_v4,len=98,ExpAA=0.00,First60=0.00,PredHel=0,Topology=o
AF-A0A0N7LB66-F1-model_v4,len=98,ExpAA=0.00,First60=0.00,PredHel=0,Topology=o
AF-A0A238FC85-F1-model_v4,len=231,ExpAA=0.02,First60=0.00,PredHel=0,Topology=o
AF-A0A238FC85-F1-model_v4,len=231,ExpAA=0.02,First60=0.00,PredHel=0,Topology=o
AF-A0A1Q3EMP8-F1-model_v4,len=238,ExpAA=3.28,First60=0.00,PredHel=0,Topology=o
AF-A0A5N7EZ44-F1-model_v4,len=379,ExpAA=4.01,First60=3.75,PredHel=0,Topology=o
AF-A0A0C9LU65-F1-model_v4,len=275,ExpAA=23.29,First60=0.00,PredHel=1,Topology=o65-87i
AF-A0A0C9LU65-F1-model_v4,len=275,ExpAA=23.29,First60=0.00,PredHel=1,Topology=o65-87i
AF-A0A507EN87-F1-model_v4,len=276,ExpAA=2.07,First60=0.08,PredHel=0,Topology=o
AF-A0A093ZW93-F1-model_v4,len=170,ExpAA=4.10,First60=1.42,PredHel=0,Topology=o
AF-A0A6A6RT61-F1-model_v4,len=1028,ExpAA=0.00,First60=0.00,PredHel=0,Topology=o
AF-A0A1X2HGL1-F1-model_v4,len=202,ExpAA=2.96,First60=2.94,PredHel=0,Topology=o
AF-A0A6A6DMB6-F1-model_v4,len=360,ExpAA=0.00,First60=0.00,PredHel=0,Topology=o
AF-A0A0C4EZR7-F1-model_v4,len=108,ExpAA=0.00,First60=0.00,PredHel=0,Topology=o
AF-A0A093ZW93-F1-model_v4,len=170,ExpAA=4.10,First60=1.42,PredHel=0,Topology=o
AF-E2L3C8-F1-model_v4,len=106,ExpAA=0.08,First60=0.08,PredHel=0,Topology=o
AF-A0A109FCY2-F1-model_v4,len=133,ExpAA=0.02,First60=0.01,PredHel=0,Topology=o
AF-A0A166BA07-F1-model_v4,len=174,ExpAA=0.59,First60=0.11,PredHel=0,Topology=o
AF-A0A094AIR3-F1-model_v4,len=883,ExpAA=17.35,First60=15.18,PredHel=0,Topology=o
AF-N4VKF1-F1-model_v4,len=184,ExpAA=2.64,First60=2.59,PredHel=0,Topology=o
AF-A0A5C5G2K2-F1-model_v4,len=153,ExpAA=0.01,First60=0.01,PredHel=0,Topology=o
AF-A0A5C5G2K2-F1-model_v4,len=153,ExpAA=0.01,First60=0.01,PredHel=0,Topology=o
AF-M7TXD1-F1-model_v4,len=376,ExpAA=15.44,First60=15.03,PredHel=0,Topology=o
AF-A0A094HNM2-F1-model_v4,len=870,ExpAA=211.66,First60=6.56,PredHel=9,Topology=i58-80o142-164i176-198o264-286i299-321o331-348i360-382o397-419i426-448o
AF-A0A6A4I102-F1-model_v4,len=281,ExpAA=0.07,First60=0.07,PredHel=0,Topology=o
AF-A0A1Y1VBN3-F1-model_v4,len=583,ExpAA=17.60,First60=4.42,PredHel=0,Topology=o
AF-A0A1J9REZ4-F1-model_v4,len=556,ExpAA=8.38,First60=8.38,PredHel=0,Topology=o
AF-A0A5N7API5-F1-model_v4,len=324,ExpAA=3.86,First60=3.76,PredHel=0,Topology=o
AF-A0A0D0E2I8-F1-model_v4,len=206,ExpAA=0.02,First60=0.00,PredHel=0,Topology=o
AF-A0A0B7KMB5-F1-model_v4,len=126,ExpAA=3.23,First60=0.01,PredHel=0,Topology=o
AF-G9NB57-F1-model_v4,len=149,ExpAA=1.96,First60=1.86,PredHel=0,Topology=o
AF-A0A150V1J0-F1-model_v4,len=213,ExpAA=0.24,First60=0.18,PredHel=0,Topology=o
AF-A0A0D0E2I8-F1-model_v4,len=206,ExpAA=0.02,First60=0.00,PredHel=0,Topology=o
AF-A0A427XHJ5-F1-model_v4,len=269,ExpAA=15.30,First60=14.99,PredHel=0,Topology=o
AF-A0A177CJV0-F1-model_v4,len=960,ExpAA=0.00,First60=0.00,PredHel=0,Topology=o
AF-A0A316W166-F1-model_v4,len=105,ExpAA=0.00,First60=0.00,PredHel=0,Topology=o
AF-A0A444RL89-F1-model_v4,len=392,ExpAA=0.00,First60=0.00,PredHel=0,Topology=o
AF-A0A1Y3NAX8-F1-model_v4,len=393,ExpAA=22.57,First60=0.08,PredHel=1,Topology=o294-316i
AF-X0IXV2-F1-model_v4,len=549,ExpAA=0.09,First60=0.08,PredHel=0,Topology=o
AF-A0A180G9Q6-F1-model_v4,len=330,ExpAA=1.13,First60=1.13,PredHel=0,Topology=o
AF-A0A5C3MP91-F1-model_v4,len=169,ExpAA=3.03,First60=3.03,PredHel=0,Topology=o
AF-A0A1Y3NAX8-F1-model_v4,len=393,ExpAA=22.57,First60=0.08,PredHel=1,Topology=o294-316i
AF-A0A1J7I6Z8-F1-model_v4,len=522,ExpAA=15.66,First60=14.81,PredHel=1,Topology=i7-29o
AF-A0A5C5G551-F1-model_v4,len=259,ExpAA=4.27,First60=4.25,PredHel=0,Topology=o
AF-A0A094GC71-F1-model_v4,len=196,ExpAA=13.92,First60=13.63,PredHel=1,Topology=o4-21i
AF-A0A0P7BM46-F1-model_v4,len=250,ExpAA=8.43,First60=8.35,PredHel=0,Topology=o
AF-A0A5M3MTA2-F1-model_v4,len=221,ExpAA=16.52,First60=16.52,PredHel=0,Topology=o
AF-A0A5M3MTA2-F1-model_v4,len=221,ExpAA=16.52,First60=16.52,PredHel=0,Topology=o
AF-A0A178DIN7-F1-model_v4,len=411,ExpAA=9.48,First60=8.84,PredHel=0,Topology=o
AF-A0A7S8DRF7-F1-model_v4,len=395,ExpAA=0.08,First60=0.08,PredHel=0,Topology=o
AF-A0A194V7B3-F1-model_v4,len=654,ExpAA=0.00,First60=0.00,PredHel=0,Topology=o
AF-A0A550CUQ8-F1-model_v4,len=107,ExpAA=0.86,First60=0.86,PredHel=0,Topology=o
AF-S3D2G7-F1-model_v4,len=526,ExpAA=20.83,First60=20.72,PredHel=1,Topology=i2-24o
AF-A0A550CUQ8-F1-model_v4,len=107,ExpAA=0.86,First60=0.86,PredHel=0,Topology=o
AF-A0A2G4SUD8-F1-model_v4,len=163,ExpAA=14.83,First60=14.81,PredHel=0,Topology=o
AF-S8ADS7-F1-model_v4,len=288,ExpAA=0.37,First60=0.37,PredHel=0,Topology=o
AF-A0A139HSB7-F1-model_v4,len=138,ExpAA=0.01,First60=0.01,PredHel=0,Topology=o
AF-A0A2J5I6V3-F1-model_v4,len=103,ExpAA=5.46,First60=5.46,PredHel=0,Topology=o
AF-S8ADS7-F1-model_v4,len=288,ExpAA=0.37,First60=0.37,PredHel=0,Topology=o
AF-D8PLK0-F1-model_v4,len=119,ExpAA=0.75,First60=0.75,PredHel=0,Topology=o
AF-D8PLK0-F1-model_v4,len=119,ExpAA=0.75,First60=0.75,PredHel=0,Topology=o
AF-A0A0C3H453-F1-model_v4,len=523,ExpAA=2.88,First60=2.83,PredHel=0,Topology=o
AF-A0A0D2XM95-F1-model_v4,len=634,ExpAA=0.00,First60=0.00,PredHel=0,Topology=o
AF-A0A2N5T3X1-F1-model_v4,len=219,ExpAA=0.00,First60=0.00,PredHel=0,Topology=o
AF-A0A1B8DA48-F1-model_v4,len=312,ExpAA=5.50,First60=5.06,PredHel=0,Topology=o
AF-A0A0B7KPK7-F1-model_v4,len=648,ExpAA=21.64,First60=21.55,PredHel=1,Topology=i13-35o
AF-A0A6A6YRI8-F1-model_v4,len=381,ExpAA=0.00,First60=0.00,PredHel=0,Topology=o
AF-A0A067MPR6-F1-model_v4,len=127,ExpAA=0.33,First60=0.33,PredHel=0,Topology=o
AF-A0A0C4ETD8-F1-model_v4,len=486,ExpAA=17.64,First60=17.61,PredHel=1,Topology=i5-27o
AF-A0A0C9M8A9-F1-model_v4,len=220,ExpAA=20.29,First60=20.26,PredHel=1,Topology=i5-27o
AF-A0A0B1P0I6-F1-model_v4,len=524,ExpAA=20.47,First60=19.38,PredHel=1,Topology=i7-24o
AF-A0A229XUI9-F1-model_v4,len=118,ExpAA=12.92,First60=12.90,PredHel=0,Topology=o
AF-A0A2J6TRD7-F1-model_v4,len=609,ExpAA=0.00,First60=0.00,PredHel=0,Topology=o
AF-E2L3C8-F1-model_v4,len=106,ExpAA=0.08,First60=0.08,PredHel=0,Topology=o
AF-A0A4Q4QPQ5-F1-model_v4,len=245,ExpAA=0.74,First60=0.74,PredHel=0,Topology=o
AF-A0A1Y3N509-F1-model_v4,len=385,ExpAA=40.34,First60=27.62,PredHel=1,Topology=i7-26o
AF-A0A4Y7PQX3-F1-model_v4,len=110,ExpAA=5.08,First60=5.04,PredHel=0,Topology=o
AF-A0A507CIY2-F1-model_v4,len=350,ExpAA=17.22,First60=0.03,PredHel=1,Topology=o322-344i
AF-A0A316UHU3-F1-model_v4,len=122,ExpAA=0.00,First60=0.00,PredHel=0,Topology=i
AF-A0A507C949-F1-model_v4,len=276,ExpAA=0.40,First60=0.39,PredHel=0,Topology=o
AF-A0A1Y2DGP4-F1-model_v4,len=126,ExpAA=0.07,First60=0.07,PredHel=0,Topology=o
AF-A0A163JUR5-F1-model_v4,len=143,ExpAA=0.14,First60=0.12,PredHel=0,Topology=o
AF-A0A559M4V3-F1-model_v4,len=1057,ExpAA=0.00,First60=0.00,PredHel=0,Topology=o
AF-A0A094DA97-F1-model_v4,len=506,ExpAA=19.06,First60=17.63,PredHel=0,Topology=o
AF-A0A6A5W127-F1-model_v4,len=124,ExpAA=17.54,First60=17.54,PredHel=0,Topology=o
AF-A0A420I6L5-F1-model_v4,len=524,ExpAA=21.12,First60=19.88,PredHel=1,Topology=i7-24o
AF-A0A433A0I0-F1-model_v4,len=151,ExpAA=2.14,First60=2.10,PredHel=0,Topology=o
AF-A0A219AQW7-F1-model_v4,len=176,ExpAA=0.01,First60=0.00,PredHel=0,Topology=o
AF-A0A4Q9PV63-F1-model_v4,len=172,ExpAA=0.01,First60=0.01,PredHel=0,Topology=i
AF-A0A5B0MA28-F1-model_v4,len=111,ExpAA=10.06,First60=10.06,PredHel=0,Topology=o
AF-A0A4Q9PV63-F1-model_v4,len=172,ExpAA=0.01,First60=0.01,PredHel=0,Topology=i
AF-D8Q0P1-F1-model_v4,len=128,ExpAA=0.73,First60=0.73,PredHel=0,Topology=o
AF-G1XSB4-F1-model_v4,len=331,ExpAA=0.36,First60=0.36,PredHel=0,Topology=o
AF-A0A409XV56-F1-model_v4,len=257,ExpAA=14.46,First60=4.97,PredHel=0,Topology=o
AF-A0A5J5F3E6-F1-model_v4,len=129,ExpAA=19.54,First60=8.19,PredHel=0,Topology=o
AF-A0A5B0MA28-F1-model_v4,len=111,ExpAA=10.06,First60=10.06,PredHel=0,Topology=o
AF-A0A7C8R8C7-F1-model_v4,len=305,ExpAA=0.40,First60=0.39,PredHel=0,Topology=o
AF-A0A0L0VQH6-F1-model_v4,len=202,ExpAA=0.11,First60=0.10,PredHel=0,Topology=o
AF-A0A067MDY7-F1-model_v4,len=118,ExpAA=6.18,First60=6.18,PredHel=0,Topology=o
AF-A0A4Y7PQX3-F1-model_v4,len=110,ExpAA=5.08,First60=5.04,PredHel=0,Topology=o
AF-G7E5E1-F1-model_v4,len=200,ExpAA=0.05,First60=0.05,PredHel=0,Topology=o
AF-A0A1Y2DGP4-F1-model_v4,len=126,ExpAA=0.07,First60=0.07,PredHel=0,Topology=o
AF-A0A2H3IS35-F1-model_v4,len=144,ExpAA=4.07,First60=3.61,PredHel=0,Topology=o
AF-A0A067MDY7-F1-model_v4,len=118,ExpAA=6.18,First60=6.18,PredHel=0,Topology=o
AF-A7F053-F1-model_v4,len=433,ExpAA=17.42,First60=16.76,PredHel=1,Topology=i5-22o
AF-A0A6G1HUV5-F1-model_v4,len=337,ExpAA=0.03,First60=0.03,PredHel=0,Topology=o
AF-A0A316VS52-F1-model_v4,len=116,ExpAA=0.00,First60=0.00,PredHel=0,Topology=o
AF-A0A6A5W127-F1-model_v4,len=124,ExpAA=17.54,First60=17.54,PredHel=0,Topology=o
AF-A0A0D0BFH4-F1-model_v4,len=120,ExpAA=11.29,First60=11.26,PredHel=0,Topology=o
AF-A0A427XDL2-F1-model_v4,len=187,ExpAA=5.21,First60=5.21,PredHel=0,Topology=o
AF-A0A5N5J9N7-F1-model_v4,len=129,ExpAA=1.04,First60=1.04,PredHel=0,Topology=o
AF-K1WCN3-F1-model_v4,len=928,ExpAA=1.36,First60=0.00,PredHel=0,Topology=o
AF-A0A2Z6RFV8-F1-model_v4,len=158,ExpAA=20.66,First60=20.66,PredHel=1,Topology=i5-27o
AF-A0A093Y011-F1-model_v4,len=99,ExpAA=3.22,First60=3.21,PredHel=0,Topology=o
AF-T1UNA1-F1-model_v4,len=150,ExpAA=11.98,First60=11.89,PredHel=0,Topology=o
AF-A0A095DCQ5-F1-model_v4,len=348,ExpAA=0.33,First60=0.29,PredHel=0,Topology=o
AF-A8Q3A5-F1-model_v4,len=215,ExpAA=17.23,First60=17.23,PredHel=1,Topology=i7-24o
AF-A0A6A6NUS6-F1-model_v4,len=132,ExpAA=0.54,First60=0.54,PredHel=0,Topology=o
AF-A0A067MPR6-F1-model_v4,len=127,ExpAA=0.33,First60=0.33,PredHel=0,Topology=o
AF-A0A178ABG6-F1-model_v4,len=141,ExpAA=0.65,First60=0.64,PredHel=0,Topology=o
AF-A0A3A2ZNT2-F1-model_v4,len=104,ExpAA=0.00,First60=0.00,PredHel=0,Topology=o
AF-A0A4Q4TK64-F1-model_v4,len=535,ExpAA=0.02,First60=0.02,PredHel=0,Topology=o
AF-A0A094CGR7-F1-model_v4,len=565,ExpAA=23.12,First60=0.81,PredHel=1,Topology=i64-86o
AF-A0A1Y2A992-F1-model_v4,len=300,ExpAA=18.58,First60=6.78,PredHel=0,Topology=o
AF-K3VZG0-F1-model_v4,len=493,ExpAA=0.00,First60=0.00,PredHel=0,Topology=o
AF-A0A428RY78-F1-model_v4,len=177,ExpAA=0.18,First60=0.18,PredHel=0,Topology=o
AF-A0A366PNY6-F1-model_v4,len=254,ExpAA=0.00,First60=0.00,PredHel=0,Topology=o
AF-A0A2K0WKG1-F1-model_v4,len=140,ExpAA=1.00,First60=1.00,PredHel=0,Topology=o
AF-A0A5B0NIU4-F1-model_v4,len=234,ExpAA=0.40,First60=0.40,PredHel=0,Topology=o
AF-A0A428SRB0-F1-model_v4,len=220,ExpAA=0.05,First60=0.04,PredHel=0,Topology=o
AF-A0A427XDL2-F1-model_v4,len=187,ExpAA=5.21,First60=5.21,PredHel=0,Topology=o
AF-A0A4Q4U123-F1-model_v4,len=115,ExpAA=4.47,First60=4.47,PredHel=0,Topology=o
AF-A0A0G2HTM2-F1-model_v4,len=143,ExpAA=0.03,First60=0.03,PredHel=0,Topology=o
AF-A0A2H4SFE9-F1-model_v4,len=114,ExpAA=0.02,First60=0.02,PredHel=0,Topology=o
AF-A0A0G2G9D8-F1-model_v4,len=97,ExpAA=0.36,First60=0.36,PredHel=0,Topology=o
AF-A0A8A3P1M0-F1-model_v4,len=299,ExpAA=0.16,First60=0.13,PredHel=0,Topology=o
AF-A0A507CIY2-F1-model_v4,len=350,ExpAA=17.22,First60=0.03,PredHel=1,Topology=o322-344i
AF-F4RJ46-F1-model_v4,len=255,ExpAA=1.90,First60=1.31,PredHel=0,Topology=o
AF-A0A094J514-F1-model_v4,len=138,ExpAA=9.31,First60=9.18,PredHel=0,Topology=o
AF-T1UNA1-F1-model_v4,len=150,ExpAA=11.98,First60=11.89,PredHel=0,Topology=o
AF-A0A2J6RPD6-F1-model_v4,len=119,ExpAA=5.90,First60=5.90,PredHel=0,Topology=o
AF-U1HXY0-F1-model_v4,len=121,ExpAA=0.67,First60=0.67,PredHel=0,Topology=o
AF-A0A2H4SFE9-F1-model_v4,len=114,ExpAA=0.02,First60=0.02,PredHel=0,Topology=o
AF-A0A5N6W2P1-F1-model_v4,len=129,ExpAA=3.15,First60=2.01,PredHel=0,Topology=o
AF-A0A446BNC5-F1-model_v4,len=141,ExpAA=7.22,First60=7.22,PredHel=0,Topology=o
AF-A0A0M8MTF6-F1-model_v4,len=127,ExpAA=7.65,First60=7.65,PredHel=0,Topology=o
AF-A0A3F3QIP5-F1-model_v4,len=206,ExpAA=0.69,First60=0.69,PredHel=0,Topology=o
AF-V2XSV2-F1-model_v4,len=118,ExpAA=4.03,First60=4.03,PredHel=0,Topology=o
AF-A0A4P9Y3U7-F1-model_v4,len=328,ExpAA=6.15,First60=6.15,PredHel=0,Topology=o
AF-A0A364MRS7-F1-model_v4,len=420,ExpAA=0.00,First60=0.00,PredHel=0,Topology=o
AF-A0A8A3P1M0-F1-model_v4,len=299,ExpAA=0.16,First60=0.13,PredHel=0,Topology=o
AF-A0A433PDZ4-F1-model_v4,len=153,ExpAA=21.90,First60=21.90,PredHel=1,Topology=o4-26i
AF-A0A0C3HQA5-F1-model_v4,len=155,ExpAA=2.16,First60=2.16,PredHel=0,Topology=o
AF-A0A507C949-F1-model_v4,len=276,ExpAA=0.40,First60=0.39,PredHel=0,Topology=o
AF-A0A094H189-F1-model_v4,len=326,ExpAA=0.28,First60=0.09,PredHel=0,Topology=o
AF-A0A074YIK5-F1-model_v4,len=341,ExpAA=11.35,First60=11.34,PredHel=0,Topology=o
AF-A0A066W5S0-F1-model_v4,len=104,ExpAA=0.67,First60=0.00,PredHel=0,Topology=o
AF-A0A0D0BFH4-F1-model_v4,len=120,ExpAA=11.29,First60=11.26,PredHel=0,Topology=o
AF-A0A0F7U2X6-F1-model_v4,len=193,ExpAA=20.04,First60=20.04,PredHel=1,Topology=i7-26o
AF-A0A1L9RST0-F1-model_v4,len=204,ExpAA=0.12,First60=0.12,PredHel=0,Topology=o
AF-A0A1G4ARB7-F1-model_v4,len=127,ExpAA=7.96,First60=7.96,PredHel=0,Topology=o
AF-A0A5C6T253-F1-model_v4,len=252,ExpAA=0.00,First60=0.00,PredHel=0,Topology=o
AF-A0A4V4HDQ8-F1-model_v4,len=142,ExpAA=17.14,First60=17.12,PredHel=1,Topology=i27-49o
AF-W9PH19-F1-model_v4,len=582,ExpAA=0.00,First60=0.00,PredHel=0,Topology=o
AF-G7E6B9-F1-model_v4,len=185,ExpAA=2.03,First60=2.01,PredHel=0,Topology=o
AF-E3L4V4-F1-model_v4,len=253,ExpAA=22.93,First60=21.79,PredHel=1,Topology=o39-61i
AF-A0A1L9WF54-F1-model_v4,len=106,ExpAA=0.05,First60=0.03,PredHel=0,Topology=o
AF-A0A5N7BHJ5-F1-model_v4,len=163,ExpAA=0.81,First60=0.81,PredHel=0,Topology=o
AF-A0A366S133-F1-model_v4,len=536,ExpAA=0.04,First60=0.00,PredHel=0,Topology=o
AF-A0A5N5KJC0-F1-model_v4,len=177,ExpAA=0.27,First60=0.26,PredHel=0,Topology=o
AF-A0A1E1M3V6-F1-model_v4,len=708,ExpAA=0.01,First60=0.00,PredHel=0,Topology=o
AF-A0A1Y2A992-F1-model_v4,len=300,ExpAA=18.58,First60=6.78,PredHel=0,Topology=o
AF-A0A1G4ARB7-F1-model_v4,len=127,ExpAA=7.96,First60=7.96,PredHel=0,Topology=o
AF-A0A165Y9T3-F1-model_v4,len=122,ExpAA=20.20,First60=20.18,PredHel=1,Topology=i2-24o
AF-A0A3M7NSE0-F1-model_v4,len=526,ExpAA=28.41,First60=21.42,PredHel=1,Topology=i2-24o
AF-A0A427XE07-F1-model_v4,len=189,ExpAA=10.80,First60=10.80,PredHel=0,Topology=o
AF-A0A4P9WPM3-F1-model_v4,len=218,ExpAA=0.65,First60=0.65,PredHel=0,Topology=o
AF-W7HT04-F1-model_v4,len=243,ExpAA=3.24,First60=3.24,PredHel=0,Topology=o
AF-A0A0N8H7M9-F1-model_v4,len=121,ExpAA=0.18,First60=0.18,PredHel=0,Topology=o
AF-A0A2J6QI93-F1-model_v4,len=317,ExpAA=4.43,First60=4.41,PredHel=0,Topology=o
AF-A0A067MIN1-F1-model_v4,len=118,ExpAA=4.72,First60=4.70,PredHel=0,Topology=o
AF-A0A2T4CH24-F1-model_v4,len=300,ExpAA=7.39,First60=7.34,PredHel=0,Topology=o
AF-A0A074YIK5-F1-model_v4,len=341,ExpAA=11.35,First60=11.34,PredHel=0,Topology=o
AF-A0A409WNZ9-F1-model_v4,len=129,ExpAA=15.62,First60=12.68,PredHel=0,Topology=o
AF-A0A6A6TI25-F1-model_v4,len=109,ExpAA=0.00,First60=0.00,PredHel=0,Topology=o
AF-A0A0C4ETD8-F1-model_v4,len=486,ExpAA=17.64,First60=17.61,PredHel=1,Topology=i5-27o
AF-A0A409XSN2-F1-model_v4,len=126,ExpAA=0.08,First60=0.07,PredHel=0,Topology=o
AF-A0A0J9VHW5-F1-model_v4,len=439,ExpAA=0.03,First60=0.03,PredHel=0,Topology=o
AF-A0A1Y1XL48-F1-model_v4,len=405,ExpAA=33.82,First60=11.11,PredHel=1,Topology=o298-320i
AF-A0A1Y1XL48-F1-model_v4,len=405,ExpAA=33.82,First60=11.11,PredHel=1,Topology=o298-320i
AF-A0A077WHF9-F1-model_v4,len=117,ExpAA=2.28,First60=2.28,PredHel=0,Topology=o
AF-A0A420TIK6-F1-model_v4,len=393,ExpAA=0.07,First60=0.00,PredHel=0,Topology=o
AF-A0A6A6NUS6-F1-model_v4,len=132,ExpAA=0.54,First60=0.54,PredHel=0,Topology=o
AF-A0A7U2IC20-F1-model_v4,len=122,ExpAA=0.05,First60=0.04,PredHel=0,Topology=o
AF-A0A1Y2VSX6-F1-model_v4,len=280,ExpAA=1.18,First60=0.00,PredHel=0,Topology=o
AF-N1S5R5-F1-model_v4,len=748,ExpAA=0.01,First60=0.00,PredHel=0,Topology=o
AF-A0A094FJT8-F1-model_v4,len=219,ExpAA=1.36,First60=0.10,PredHel=0,Topology=o
AF-A0A2H3JL28-F1-model_v4,len=120,ExpAA=18.30,First60=18.30,PredHel=1,Topology=o4-26i
AF-A0A3D8S5N2-F1-model_v4,len=157,ExpAA=0.19,First60=0.18,PredHel=0,Topology=o
AF-A0A4Y7TUM7-F1-model_v4,len=252,ExpAA=3.67,First60=3.67,PredHel=0,Topology=o
AF-A0A2N5UF69-F1-model_v4,len=297,ExpAA=3.01,First60=2.81,PredHel=0,Topology=o
AF-A0A0M8MTF6-F1-model_v4,len=127,ExpAA=7.65,First60=7.65,PredHel=0,Topology=o
AF-A0A2V1BEL9-F1-model_v4,len=528,ExpAA=7.56,First60=5.92,PredHel=0,Topology=o
AF-A0A6M7YTJ2-F1-model_v4,len=115,ExpAA=0.24,First60=0.23,PredHel=0,Topology=o
AF-A0A517L1K9-F1-model_v4,len=346,ExpAA=7.76,First60=5.42,PredHel=0,Topology=o
AF-A0A1R1XGS3-F1-model_v4,len=135,ExpAA=11.89,First60=11.89,PredHel=0,Topology=o
AF-A0A395RLM4-F1-model_v4,len=489,ExpAA=0.00,First60=0.00,PredHel=0,Topology=o
AF-A0A6A6DA69-F1-model_v4,len=183,ExpAA=0.23,First60=0.23,PredHel=0,Topology=o
AF-A0A1R1XGS3-F1-model_v4,len=135,ExpAA=11.89,First60=11.89,PredHel=0,Topology=o
AF-F9FQ77-F1-model_v4,len=128,ExpAA=0.11,First60=0.09,PredHel=0,Topology=o
AF-A0A094E3L9-F1-model_v4,len=600,ExpAA=25.60,First60=22.75,PredHel=1,Topology=i5-27o
AF-E3QKH1-F1-model_v4,len=106,ExpAA=15.84,First60=15.84,PredHel=1,Topology=i2-24o
AF-A0A1E3JG85-F1-model_v4,len=259,ExpAA=2.76,First60=0.06,PredHel=0,Topology=o
AF-A0A4Z1PHZ7-F1-model_v4,len=510,ExpAA=21.25,First60=21.24,PredHel=1,Topology=i7-29o
AF-A0A0L0VQG7-F1-model_v4,len=225,ExpAA=0.29,First60=0.12,PredHel=0,Topology=o
AF-W9YXU6-F1-model_v4,len=133,ExpAA=1.16,First60=1.16,PredHel=0,Topology=o
AF-A0A1Y2CBD2-F1-model_v4,len=407,ExpAA=1.99,First60=1.93,PredHel=0,Topology=o
AF-A0A2J6QI93-F1-model_v4,len=317,ExpAA=4.43,First60=4.41,PredHel=0,Topology=o
AF-W3WJG9-F1-model_v4,len=225,ExpAA=1.12,First60=1.08,PredHel=0,Topology=o
AF-A0A7R8AQH8-F1-model_v4,len=139,ExpAA=0.06,First60=0.06,PredHel=0,Topology=o
AF-A0A1D9PWX6-F1-model_v4,len=304,ExpAA=1.14,First60=1.11,PredHel=0,Topology=o
AF-A0A2S4UM61-F1-model_v4,len=155,ExpAA=0.00,First60=0.00,PredHel=0,Topology=o
AF-G2QMV1-F1-model_v4,len=130,ExpAA=0.67,First60=0.65,PredHel=0,Topology=o
AF-S3CWG7-F1-model_v4,len=452,ExpAA=0.00,First60=0.00,PredHel=0,Topology=o
AF-A0A2S4UM61-F1-model_v4,len=155,ExpAA=0.00,First60=0.00,PredHel=0,Topology=o
AF-A0A180GXC9-F1-model_v4,len=146,ExpAA=0.02,First60=0.01,PredHel=0,Topology=o
AF-A0A180GXC9-F1-model_v4,len=146,ExpAA=0.02,First60=0.01,PredHel=0,Topology=o
AF-A0A511K6X0-F1-model_v4,len=309,ExpAA=13.43,First60=13.43,PredHel=0,Topology=o
AF-A0A0L0URE9-F1-model_v4,len=140,ExpAA=0.01,First60=0.01,PredHel=0,Topology=o
AF-A0A0L0URE9-F1-model_v4,len=140,ExpAA=0.01,First60=0.01,PredHel=0,Topology=o
AF-A0A0L0VQG7-F1-model_v4,len=225,ExpAA=0.29,First60=0.12,PredHel=0,Topology=o
AF-A0A365MYN4-F1-model_v4,len=493,ExpAA=0.00,First60=0.00,PredHel=0,Topology=o
AF-A0A3M7JZN8-F1-model_v4,len=374,ExpAA=8.09,First60=7.93,PredHel=0,Topology=o
AF-V2YVG2-F1-model_v4,len=119,ExpAA=9.20,First60=8.42,PredHel=0,Topology=o
AF-G3JUS4-F1-model_v4,len=513,ExpAA=0.28,First60=0.01,PredHel=0,Topology=o
AF-A0A0H2S3E5-F1-model_v4,len=117,ExpAA=5.50,First60=5.50,PredHel=0,Topology=o
AF-H6QPZ4-F1-model_v4,len=148,ExpAA=0.00,First60=0.00,PredHel=0,Topology=o
AF-H6QPZ4-F1-model_v4,len=148,ExpAA=0.00,First60=0.00,PredHel=0,Topology=o
AF-A0A6A6EY62-F1-model_v4,len=111,ExpAA=0.22,First60=0.22,PredHel=0,Topology=o
AF-A0A1Y2M5V1-F1-model_v4,len=580,ExpAA=1.48,First60=1.48,PredHel=0,Topology=o
AF-A0A365MQ14-F1-model_v4,len=890,ExpAA=204.35,First60=0.07,PredHel=9,Topology=i62-84o94-116i137-159o179-196i205-227o251-270i290-312o341-363i415-437o
AF-A0A0W0FTX2-F1-model_v4,len=252,ExpAA=1.84,First60=1.82,PredHel=0,Topology=o
AF-W9J6Q2-F1-model_v4,len=398,ExpAA=0.01,First60=0.00,PredHel=0,Topology=o
AF-A0A4Q4M3W3-F1-model_v4,len=126,ExpAA=0.98,First60=0.98,PredHel=0,Topology=o
AF-A0A1S1VXZ3-F1-model_v4,len=508,ExpAA=17.93,First60=15.31,PredHel=0,Topology=o
AF-A0A094B990-F1-model_v4,len=121,ExpAA=0.65,First60=0.65,PredHel=0,Topology=o
AF-N1J7F3-F1-model_v4,len=116,ExpAA=30.74,First60=22.75,PredHel=1,Topology=i7-29o
AF-F9FQ77-F1-model_v4,len=128,ExpAA=0.11,First60=0.09,PredHel=0,Topology=o
AF-A0A6A4GJR5-F1-model_v4,len=542,ExpAA=5.81,First60=0.72,PredHel=0,Topology=o
AF-A0A1D9PWX6-F1-model_v4,len=304,ExpAA=1.14,First60=1.11,PredHel=0,Topology=o
AF-G2YPQ4-F1-model_v4,len=178,ExpAA=0.00,First60=0.00,PredHel=0,Topology=o
AF-F4R723-F1-model_v4,len=219,ExpAA=0.02,First60=0.01,PredHel=0,Topology=o
AF-A0A2S4V4U3-F1-model_v4,len=272,ExpAA=19.60,First60=19.58,PredHel=1,Topology=i21-38o
AF-A0A2H3JL28-F1-model_v4,len=120,ExpAA=18.30,First60=18.30,PredHel=1,Topology=o4-26i
AF-A0A834SGL6-F1-model_v4,len=236,ExpAA=0.28,First60=0.01,PredHel=0,Topology=o
AF-A0A319CIN4-F1-model_v4,len=314,ExpAA=0.23,First60=0.23,PredHel=0,Topology=o
AF-A0A0C9YEL3-F1-model_v4,len=322,ExpAA=3.24,First60=3.19,PredHel=0,Topology=o
AF-A0A5J5F480-F1-model_v4,len=169,ExpAA=2.19,First60=2.18,PredHel=0,Topology=o
AF-A0A1Y2CBD2-F1-model_v4,len=407,ExpAA=1.99,First60=1.93,PredHel=0,Topology=o
AF-A0A2S4V4U3-F1-model_v4,len=272,ExpAA=19.60,First60=19.58,PredHel=1,Topology=i21-38o
AF-A0A6A6QK96-F1-model_v4,len=730,ExpAA=0.00,First60=0.00,PredHel=0,Topology=o
AF-A0A2T9ZKQ4-F1-model_v4,len=236,ExpAA=23.38,First60=0.00,PredHel=1,Topology=o80-102i
AF-A0A2I2FK15-F1-model_v4,len=121,ExpAA=0.03,First60=0.03,PredHel=0,Topology=o
AF-A0A2T9ZKQ4-F1-model_v4,len=236,ExpAA=23.38,First60=0.00,PredHel=1,Topology=o80-102i
AF-A0A139ITE9-F1-model_v4,len=112,ExpAA=2.93,First60=2.93,PredHel=0,Topology=o
AF-V2YVG2-F1-model_v4,len=119,ExpAA=9.20,First60=8.42,PredHel=0,Topology=o
AF-A0A067MZ72-F1-model_v4,len=123,ExpAA=14.08,First60=13.65,PredHel=0,Topology=o
AF-C7Z895-F1-model_v4,len=221,ExpAA=0.00,First60=0.00,PredHel=0,Topology=o
AF-A0A4Y7TUM7-F1-model_v4,len=252,ExpAA=3.67,First60=3.67,PredHel=0,Topology=o
AF-A0A6A6UCK9-F1-model_v4,len=427,ExpAA=59.56,First60=27.42,PredHel=1,Topology=i5-27o
AF-A0A0C9YEL3-F1-model_v4,len=322,ExpAA=3.24,First60=3.19,PredHel=0,Topology=o
AF-A0A4Q2V9R4-F1-model_v4,len=110,ExpAA=7.27,First60=7.27,PredHel=0,Topology=o
AF-A0A834SGL6-F1-model_v4,len=236,ExpAA=0.28,First60=0.01,PredHel=0,Topology=o
AF-A0A015NA85-F1-model_v4,len=129,ExpAA=0.00,First60=0.00,PredHel=0,Topology=o
AF-A0A6A5XR06-F1-model_v4,len=451,ExpAA=10.08,First60=7.65,PredHel=0,Topology=o
AF-W3WJG9-F1-model_v4,len=225,ExpAA=1.12,First60=1.08,PredHel=0,Topology=o
AF-V2XKJ0-F1-model_v4,len=297,ExpAA=0.12,First60=0.12,PredHel=0,Topology=o
AF-A0A180GAB0-F1-model_v4,len=129,ExpAA=0.00,First60=0.00,PredHel=0,Topology=o
AF-A0A093YFG2-F1-model_v4,len=533,ExpAA=30.17,First60=22.81,PredHel=1,Topology=o5-27i
AF-A0A409Y3C5-F1-model_v4,len=108,ExpAA=22.95,First60=22.25,PredHel=1,Topology=i5-27o
AF-A0A165XJC3-F1-model_v4,len=135,ExpAA=0.46,First60=0.46,PredHel=0,Topology=o
AF-A0A077WB33-F1-model_v4,len=174,ExpAA=22.26,First60=22.26,PredHel=1,Topology=i5-27o
AF-A0A180GAB0-F1-model_v4,len=129,ExpAA=0.00,First60=0.00,PredHel=0,Topology=o
AF-A0A2T3A4D5-F1-model_v4,len=114,ExpAA=7.65,First60=7.61,PredHel=0,Topology=o
AF-A0A7J6J6X1-F1-model_v4,len=822,ExpAA=0.05,First60=0.00,PredHel=0,Topology=o
AF-A0A0L0H749-F1-model_v4,len=278,ExpAA=1.86,First60=1.84,PredHel=0,Topology=o
AF-A0A165H3D8-F1-model_v4,len=167,ExpAA=5.55,First60=0.00,PredHel=0,Topology=o
AF-W9Q3I7-F1-model_v4,len=258,ExpAA=10.66,First60=3.69,PredHel=0,Topology=o
AF-A0A5C3R2G0-F1-model_v4,len=229,ExpAA=0.01,First60=0.01,PredHel=0,Topology=o
AF-G9MWP7-F1-model_v4,len=112,ExpAA=3.31,First60=3.27,PredHel=0,Topology=o
AF-A0A2S6CL56-F1-model_v4,len=131,ExpAA=1.09,First60=1.08,PredHel=0,Topology=o
AF-G2YCF2-F1-model_v4,len=232,ExpAA=17.07,First60=17.07,PredHel=1,Topology=o5-22i
AF-A0A5C3R2G0-F1-model_v4,len=229,ExpAA=0.01,First60=0.01,PredHel=0,Topology=o
AF-V2XKJ0-F1-model_v4,len=297,ExpAA=0.12,First60=0.12,PredHel=0,Topology=o
AF-A0A067MZ72-F1-model_v4,len=123,ExpAA=14.08,First60=13.65,PredHel=0,Topology=o
AF-A0A0D2GTA1-F1-model_v4,len=527,ExpAA=22.00,First60=20.85,PredHel=1,Topology=i2-24o
AF-A0A197JI53-F1-model_v4,len=231,ExpAA=22.64,First60=20.71,PredHel=1,Topology=i41-63o
AF-G9N487-F1-model_v4,len=128,ExpAA=0.28,First60=0.28,PredHel=0,Topology=o
AF-A0A177C357-F1-model_v4,len=572,ExpAA=11.27,First60=10.78,PredHel=0,Topology=o
AF-W7E9W4-F1-model_v4,len=132,ExpAA=0.22,First60=0.20,PredHel=0,Topology=o
AF-A0A2S6CL56-F1-model_v4,len=131,ExpAA=1.09,First60=1.08,PredHel=0,Topology=o
AF-A0A4Q2V9R4-F1-model_v4,len=110,ExpAA=7.27,First60=7.27,PredHel=0,Topology=o
AF-A0A178ABG6-F1-model_v4,len=141,ExpAA=0.65,First60=0.64,PredHel=0,Topology=o
AF-C8VN07-F1-model_v4,len=133,ExpAA=2.56,First60=2.56,PredHel=0,Topology=o
AF-B6QHD0-F1-model_v4,len=516,ExpAA=13.52,First60=13.20,PredHel=0,Topology=o
AF-M2ZZ79-F1-model_v4,len=108,ExpAA=0.23,First60=0.23,PredHel=0,Topology=o
AF-H9CDN2-F1-model_v4,len=123,ExpAA=0.24,First60=0.23,PredHel=0,Topology=o
AF-A0A3N4HYU8-F1-model_v4,len=118,ExpAA=4.81,First60=4.80,PredHel=0,Topology=o
AF-A0A1V6QPN8-F1-model_v4,len=549,ExpAA=14.21,First60=13.99,PredHel=0,Topology=o
AF-A0A6A6SHH9-F1-model_v4,len=592,ExpAA=0.02,First60=0.02,PredHel=0,Topology=o
AF-A0A1J7IYY2-F1-model_v4,len=243,ExpAA=0.10,First60=0.00,PredHel=0,Topology=o
AF-A0A7C8MGZ6-F1-model_v4,len=461,ExpAA=0.01,First60=0.00,PredHel=0,Topology=o
AF-A0A550C8X7-F1-model_v4,len=129,ExpAA=2.44,First60=2.44,PredHel=0,Topology=o
AF-W9NPA0-F1-model_v4,len=491,ExpAA=0.00,First60=0.00,PredHel=0,Topology=o
AF-V2XSV2-F1-model_v4,len=118,ExpAA=4.03,First60=4.03,PredHel=0,Topology=o
AF-A0A0D2MA91-F1-model_v4,len=280,ExpAA=0.36,First60=0.31,PredHel=0,Topology=o
AF-H9CDN2-F1-model_v4,len=123,ExpAA=0.24,First60=0.23,PredHel=0,Topology=o
AF-A0A7H8R7A9-F1-model_v4,len=105,ExpAA=5.36,First60=5.36,PredHel=0,Topology=o
AF-A0A094KDJ1-F1-model_v4,len=125,ExpAA=19.30,First60=19.30,PredHel=1,Topology=i12-31o
AF-A0A2T3A4D5-F1-model_v4,len=114,ExpAA=7.65,First60=7.61,PredHel=0,Topology=o
AF-A0A1L7W1H6-F1-model_v4,len=609,ExpAA=0.00,First60=0.00,PredHel=0,Topology=o
AF-A0A7T6XR96-F1-model_v4,len=439,ExpAA=19.62,First60=18.73,PredHel=1,Topology=i21-43o
AF-A0A420TI11-F1-model_v4,len=486,ExpAA=0.00,First60=0.00,PredHel=0,Topology=o
AF-A0A3D8RXB7-F1-model_v4,len=113,ExpAA=1.03,First60=1.03,PredHel=0,Topology=o
AF-A0A5B0NIU4-F1-model_v4,len=234,ExpAA=0.40,First60=0.40,PredHel=0,Topology=o
AF-A0A369JT40-F1-model_v4,len=198,ExpAA=15.48,First60=15.47,PredHel=0,Topology=o
AF-G2YYI2-F1-model_v4,len=242,ExpAA=14.87,First60=14.35,PredHel=0,Topology=o
AF-A0A1Y3MWJ4-F1-model_v4,len=307,ExpAA=4.91,First60=4.91,PredHel=0,Topology=o
AF-K5WL21-F1-model_v4,len=135,ExpAA=4.22,First60=4.21,PredHel=0,Topology=o
AF-N1J7F3-F1-model_v4,len=116,ExpAA=30.74,First60=22.75,PredHel=1,Topology=i7-29o
AF-K3VR31-F1-model_v4,len=123,ExpAA=0.10,First60=0.10,PredHel=0,Topology=o
AF-A0A067MPC7-F1-model_v4,len=122,ExpAA=22.05,First60=20.31,PredHel=1,Topology=i7-29o
AF-A0A5C3MP91-F1-model_v4,len=169,ExpAA=3.03,First60=3.03,PredHel=0,Topology=o
AF-M2ZZ79-F1-model_v4,len=108,ExpAA=0.23,First60=0.23,PredHel=0,Topology=o
AF-A0A6A5V3X0-F1-model_v4,len=167,ExpAA=4.14,First60=4.08,PredHel=0,Topology=o
AF-A0A1V6UHW7-F1-model_v4,len=105,ExpAA=1.43,First60=1.43,PredHel=0,Topology=o
AF-A0A1E1KY97-F1-model_v4,len=228,ExpAA=0.49,First60=0.48,PredHel=0,Topology=o
AF-A0A7H8R7A9-F1-model_v4,len=105,ExpAA=5.36,First60=5.36,PredHel=0,Topology=o
AF-A0A559L2U1-F1-model_v4,len=471,ExpAA=0.00,First60=0.00,PredHel=0,Topology=o
AF-A0A139IGT1-F1-model_v4,len=171,ExpAA=16.87,First60=16.56,PredHel=0,Topology=o
AF-A0A6A6W945-F1-model_v4,len=498,ExpAA=11.33,First60=11.20,PredHel=0,Topology=o
AF-A0A179HTM2-F1-model_v4,len=121,ExpAA=2.99,First60=2.99,PredHel=0,Topology=o
AF-M9LU52-F1-model_v4,len=242,ExpAA=5.76,First60=5.72,PredHel=0,Topology=o
AF-A0A6A5KDY7-F1-model_v4,len=123,ExpAA=0.39,First60=0.39,PredHel=0,Topology=o
AF-W9PFM2-F1-model_v4,len=509,ExpAA=0.00,First60=0.00,PredHel=0,Topology=o
AF-A0A0A1TRY9-F1-model_v4,len=138,ExpAA=8.16,First60=7.71,PredHel=0,Topology=o
AF-A0A0W0FTX2-F1-model_v4,len=252,ExpAA=1.84,First60=1.82,PredHel=0,Topology=o
AF-A0A139IGT1-F1-model_v4,len=171,ExpAA=16.87,First60=16.56,PredHel=0,Topology=o
AF-A0A484F6H2-F1-model_v4,len=436,ExpAA=0.02,First60=0.01,PredHel=0,Topology=o
AF-A0A1X2G250-F1-model_v4,len=169,ExpAA=12.61,First60=12.50,PredHel=0,Topology=o
AF-A0A2R2Z4Q3-F1-model_v4,len=274,ExpAA=0.26,First60=0.20,PredHel=0,Topology=o
AF-A0A428NTD4-F1-model_v4,len=351,ExpAA=0.15,First60=0.00,PredHel=0,Topology=o
AF-A0A2S4UZ07-F1-model_v4,len=231,ExpAA=16.63,First60=16.61,PredHel=1,Topology=i7-29o
AF-A0A0C4ELG3-F1-model_v4,len=115,ExpAA=9.42,First60=9.42,PredHel=0,Topology=o
AF-A0A2S4UZ07-F1-model_v4,len=231,ExpAA=16.63,First60=16.61,PredHel=1,Topology=i7-29o
AF-A0A5C3KZU7-F1-model_v4,len=469,ExpAA=6.13,First60=6.13,PredHel=0,Topology=o
AF-F4R723-F1-model_v4,len=219,ExpAA=0.02,First60=0.01,PredHel=0,Topology=o
AF-A0A0C4ELG3-F1-model_v4,len=115,ExpAA=9.42,First60=9.42,PredHel=0,Topology=o
AF-A0A0B7NK65-F1-model_v4,len=211,ExpAA=0.29,First60=0.28,PredHel=0,Topology=o
AF-A0A317XKI2-F1-model_v4,len=153,ExpAA=0.18,First60=0.14,PredHel=0,Topology=o
AF-A0A0B7NK65-F1-model_v4,len=211,ExpAA=0.29,First60=0.28,PredHel=0,Topology=o
AF-A0A6A6JED0-F1-model_v4,len=120,ExpAA=3.43,First60=3.43,PredHel=0,Topology=o
AF-E3JXA9-F1-model_v4,len=141,ExpAA=22.21,First60=0.00,PredHel=1,Topology=i110-132o
AF-A0A5C3KZU7-F1-model_v4,len=469,ExpAA=6.13,First60=6.13,PredHel=0,Topology=o
AF-A0A4Z1FSH2-F1-model_v4,len=122,ExpAA=17.01,First60=17.01,PredHel=0,Topology=o
AF-A0A1Y1UP96-F1-model_v4,len=300,ExpAA=0.15,First60=0.13,PredHel=0,Topology=o
AF-A0A317XKI2-F1-model_v4,len=153,ExpAA=0.18,First60=0.14,PredHel=0,Topology=o
AF-A0A367KR55-F1-model_v4,len=163,ExpAA=28.50,First60=17.93,PredHel=0,Topology=o
AF-W9I3J2-F1-model_v4,len=571,ExpAA=21.40,First60=21.40,PredHel=1,Topology=i13-35o
AF-A0A2N1JEQ9-F1-model_v4,len=130,ExpAA=11.91,First60=11.80,PredHel=0,Topology=o
AF-A0A1M2VP78-F1-model_v4,len=118,ExpAA=6.89,First60=6.89,PredHel=0,Topology=o
AF-A0A6A6ZGK9-F1-model_v4,len=93,ExpAA=0.10,First60=0.10,PredHel=0,Topology=o
AF-A0A409YS61-F1-model_v4,len=249,ExpAA=1.40,First60=1.39,PredHel=0,Topology=o
AF-E3JXA9-F1-model_v4,len=141,ExpAA=22.21,First60=0.00,PredHel=1,Topology=i110-132o
AF-A0A6A6AZF2-F1-model_v4,len=123,ExpAA=10.51,First60=10.51,PredHel=0,Topology=o
AF-A0A507DCY1-F1-model_v4,len=207,ExpAA=0.03,First60=0.00,PredHel=0,Topology=o
AF-A0A4P7N9E1-F1-model_v4,len=113,ExpAA=14.54,First60=14.54,PredHel=0,Topology=o
AF-A0A2C5ZXS9-F1-model_v4,len=189,ExpAA=20.78,First60=20.77,PredHel=1,Topology=o4-26i
AF-A0A5C3NNL5-F1-model_v4,len=261,ExpAA=12.48,First60=12.29,PredHel=0,Topology=o
AF-A0A3D8QBU0-F1-model_v4,len=118,ExpAA=1.88,First60=1.87,PredHel=0,Topology=o
AF-A0A550C8X7-F1-model_v4,len=129,ExpAA=2.44,First60=2.44,PredHel=0,Topology=o
AF-A0A0S7DTA8-F1-model_v4,len=135,ExpAA=0.47,First60=0.28,PredHel=0,Topology=o
AF-A0A1Y2VQ86-F1-model_v4,len=542,ExpAA=0.03,First60=0.03,PredHel=0,Topology=o
AF-A0A0M8MV41-F1-model_v4,len=130,ExpAA=0.74,First60=0.74,PredHel=0,Topology=o
AF-E3QKH1-F1-model_v4,len=106,ExpAA=15.84,First60=15.84,PredHel=1,Topology=i2-24o
AF-B0D404-F1-model_v4,len=266,ExpAA=1.36,First60=0.00,PredHel=0,Topology=o
AF-C7Z895-F1-model_v4,len=221,ExpAA=0.00,First60=0.00,PredHel=0,Topology=o
AF-A0A4Q4UG46-F1-model_v4,len=123,ExpAA=10.57,First60=10.57,PredHel=0,Topology=o
AF-A0A179GJ77-F1-model_v4,len=117,ExpAA=7.04,First60=7.04,PredHel=0,Topology=o
AF-A0A4Z0YL53-F1-model_v4,len=104,ExpAA=6.90,First60=6.90,PredHel=0,Topology=o
AF-A0A6G1ILT3-F1-model_v4,len=114,ExpAA=0.22,First60=0.22,PredHel=0,Topology=o
AF-A0A409WDQ9-F1-model_v4,len=378,ExpAA=1.90,First60=1.86,PredHel=0,Topology=o
AF-A0A179GJ77-F1-model_v4,len=117,ExpAA=7.04,First60=7.04,PredHel=0,Topology=o
AF-A0A428Q817-F1-model_v4,len=649,ExpAA=0.00,First60=0.00,PredHel=0,Topology=o
AF-A0A3D8RXB7-F1-model_v4,len=113,ExpAA=1.03,First60=1.03,PredHel=0,Topology=o
AF-A0A8A3NZN5-F1-model_v4,len=130,ExpAA=0.69,First60=0.66,PredHel=0,Topology=o
AF-A0A4Y7TPU1-F1-model_v4,len=281,ExpAA=0.14,First60=0.14,PredHel=0,Topology=o
AF-A0A6A5KDY7-F1-model_v4,len=123,ExpAA=0.39,First60=0.39,PredHel=0,Topology=o
AF-A0A2N1JEQ9-F1-model_v4,len=130,ExpAA=11.91,First60=11.80,PredHel=0,Topology=o
AF-A0A1B8FNN2-F1-model_v4,len=417,ExpAA=19.68,First60=19.62,PredHel=1,Topology=i9-28o
AF-A0A094F0V6-F1-model_v4,len=121,ExpAA=0.46,First60=0.46,PredHel=0,Topology=o
AF-B0D3J9-F1-model_v4,len=256,ExpAA=7.54,First60=4.56,PredHel=0,Topology=o
AF-A0A6A6J9D4-F1-model_v4,len=118,ExpAA=1.05,First60=1.05,PredHel=0,Topology=o
AF-A0A6A6EEB4-F1-model_v4,len=523,ExpAA=12.27,First60=12.22,PredHel=0,Topology=o
AF-A0A2H3IEP6-F1-model_v4,len=142,ExpAA=0.24,First60=0.24,PredHel=0,Topology=o
AF-A0A197JI53-F1-model_v4,len=231,ExpAA=22.64,First60=20.71,PredHel=1,Topology=i41-63o
AF-U9U501-F1-model_v4,len=602,ExpAA=13.99,First60=12.65,PredHel=0,Topology=o
AF-A0A6A6VKY7-F1-model_v4,len=935,ExpAA=0.40,First60=0.20,PredHel=0,Topology=o
AF-A0A5B0N3D8-F1-model_v4,len=155,ExpAA=0.02,First60=0.00,PredHel=0,Topology=o
AF-A0A2N5U4F2-F1-model_v4,len=192,ExpAA=2.09,First60=2.06,PredHel=0,Topology=o
AF-A0A2I1CRU5-F1-model_v4,len=113,ExpAA=0.80,First60=0.80,PredHel=0,Topology=o
AF-A0A0J0XE65-F1-model_v4,len=103,ExpAA=0.32,First60=0.31,PredHel=0,Topology=o
AF-W3WW00-F1-model_v4,len=572,ExpAA=0.47,First60=0.40,PredHel=0,Topology=o
AF-B0D3J9-F1-model_v4,len=256,ExpAA=7.54,First60=4.56,PredHel=0,Topology=o
AF-A0A2I1CRU5-F1-model_v4,len=113,ExpAA=0.80,First60=0.80,PredHel=0,Topology=o
AF-A0A6H0XQY3-F1-model_v4,len=128,ExpAA=20.66,First60=20.66,PredHel=1,Topology=o10-32i
AF-A0A137NRB1-F1-model_v4,len=135,ExpAA=0.59,First60=0.58,PredHel=0,Topology=o
AF-A0A6A6ZFG4-F1-model_v4,len=452,ExpAA=0.84,First60=0.69,PredHel=0,Topology=o
AF-A0A1E1LG60-F1-model_v4,len=322,ExpAA=0.37,First60=0.37,PredHel=0,Topology=o
AF-A0A5C3FBU2-F1-model_v4,len=156,ExpAA=18.93,First60=18.93,PredHel=1,Topology=i13-30o
AF-T0K699-F1-model_v4,len=111,ExpAA=1.10,First60=1.10,PredHel=0,Topology=o
AF-A0A4Q4QPQ5-F1-model_v4,len=245,ExpAA=0.74,First60=0.74,PredHel=0,Topology=o
AF-A0A5B0RG06-F1-model_v4,len=233,ExpAA=13.45,First60=0.98,PredHel=0,Topology=o
AF-A0A6A6S229-F1-model_v4,len=542,ExpAA=7.94,First60=7.82,PredHel=0,Topology=o
AF-A0A165J7P8-F1-model_v4,len=129,ExpAA=11.12,First60=11.12,PredHel=0,Topology=o
AF-A0A1J8QE97-F1-model_v4,len=281,ExpAA=0.10,First60=0.08,PredHel=0,Topology=o
AF-A0A0D2XKJ4-F1-model_v4,len=490,ExpAA=0.00,First60=0.00,PredHel=0,Topology=o
AF-A0A5C3KA52-F1-model_v4,len=260,ExpAA=7.38,First60=3.21,PredHel=0,Topology=o
AF-A0A6A5VH66-F1-model_v4,len=225,ExpAA=10.94,First60=10.79,PredHel=0,Topology=o
AF-A0A2S4UZ03-F1-model_v4,len=167,ExpAA=0.01,First60=0.00,PredHel=0,Topology=o
AF-A0A2S4UI38-F1-model_v4,len=360,ExpAA=15.30,First60=14.18,PredHel=0,Topology=o
AF-A0A1Y2FCK5-F1-model_v4,len=129,ExpAA=1.63,First60=1.63,PredHel=0,Topology=o
AF-C7Z009-F1-model_v4,len=598,ExpAA=0.00,First60=0.00,PredHel=0,Topology=o
AF-A0A4Y7TQH7-F1-model_v4,len=271,ExpAA=20.89,First60=20.73,PredHel=1,Topology=o10-32i
AF-A0A6A6JED0-F1-model_v4,len=120,ExpAA=3.43,First60=3.43,PredHel=0,Topology=o
AF-A0A177C6V1-F1-model_v4,len=149,ExpAA=4.69,First60=4.69,PredHel=0,Topology=o
AF-A0A5N6TXN2-F1-model_v4,len=139,ExpAA=0.59,First60=0.59,PredHel=0,Topology=o
AF-G7E6B9-F1-model_v4,len=185,ExpAA=2.03,First60=2.01,PredHel=0,Topology=o
AF-A0A6A6TRB3-F1-model_v4,len=331,ExpAA=13.71,First60=13.69,PredHel=0,Topology=o
AF-A0A4Y7TQH7-F1-model_v4,len=271,ExpAA=20.89,First60=20.73,PredHel=1,Topology=o10-32i
AF-A0A162UH15-F1-model_v4,len=170,ExpAA=8.72,First60=8.72,PredHel=0,Topology=o
AF-A0A0S1MJ39-F1-model_v4,len=138,ExpAA=0.00,First60=0.00,PredHel=0,Topology=o
AF-A0A165JVT1-F1-model_v4,len=121,ExpAA=0.66,First60=0.61,PredHel=0,Topology=o
AF-J4GJ09-F1-model_v4,len=292,ExpAA=2.36,First60=2.29,PredHel=0,Topology=o
AF-A0A0N0V4Z0-F1-model_v4,len=255,ExpAA=1.99,First60=1.99,PredHel=0,Topology=o
AF-A0A4P6XNI9-F1-model_v4,len=184,ExpAA=0.28,First60=0.28,PredHel=0,Topology=o
AF-A0A3D8QBU0-F1-model_v4,len=118,ExpAA=1.88,First60=1.87,PredHel=0,Topology=o
AF-A0A1M2VMU8-F1-model_v4,len=280,ExpAA=0.34,First60=0.33,PredHel=0,Topology=o
AF-A0A1Y2DRE2-F1-model_v4,len=140,ExpAA=1.18,First60=1.15,PredHel=0,Topology=o
AF-A0A168MQY9-F1-model_v4,len=143,ExpAA=0.01,First60=0.01,PredHel=0,Topology=o
AF-A0A166W1K2-F1-model_v4,len=129,ExpAA=8.14,First60=8.14,PredHel=0,Topology=o
AF-T0K699-F1-model_v4,len=111,ExpAA=1.10,First60=1.10,PredHel=0,Topology=o
AF-A0A2V5HBQ8-F1-model_v4,len=167,ExpAA=7.22,First60=2.45,PredHel=0,Topology=o
AF-A0A0S1MJ39-F1-model_v4,len=138,ExpAA=0.00,First60=0.00,PredHel=0,Topology=o
AF-A0A1E1KY97-F1-model_v4,len=228,ExpAA=0.49,First60=0.48,PredHel=0,Topology=o
AF-A0A094DX51-F1-model_v4,len=125,ExpAA=0.70,First60=0.70,PredHel=0,Topology=o
AF-N1Q5E8-F1-model_v4,len=408,ExpAA=1.88,First60=0.54,PredHel=0,Topology=o
AF-A0A094FBW1-F1-model_v4,len=129,ExpAA=0.30,First60=0.24,PredHel=0,Topology=o
AF-A0A094CBB6-F1-model_v4,len=138,ExpAA=0.14,First60=0.14,PredHel=0,Topology=o
AF-A0A1V6N778-F1-model_v4,len=521,ExpAA=2.00,First60=1.87,PredHel=0,Topology=o
AF-S8A459-F1-model_v4,len=143,ExpAA=0.09,First60=0.08,PredHel=0,Topology=o
AF-M5FVD5-F1-model_v4,len=146,ExpAA=21.19,First60=21.16,PredHel=1,Topology=o15-37i
AF-K5W8Y1-F1-model_v4,len=306,ExpAA=1.43,First60=1.11,PredHel=0,Topology=o
AF-S0EB69-F1-model_v4,len=621,ExpAA=0.00,First60=0.00,PredHel=0,Topology=o
AF-A0A067PAS6-F1-model_v4,len=137,ExpAA=0.96,First60=0.94,PredHel=0,Topology=o
AF-A0A0D2NN66-F1-model_v4,len=281,ExpAA=0.88,First60=0.81,PredHel=0,Topology=o
AF-A0A077WB33-F1-model_v4,len=174,ExpAA=22.26,First60=22.26,PredHel=1,Topology=i5-27o
AF-A0A2B7YEZ6-F1-model_v4,len=144,ExpAA=6.13,First60=6.13,PredHel=0,Topology=o
AF-A0A2T4AF96-F1-model_v4,len=1275,ExpAA=0.00,First60=0.00,PredHel=0,Topology=o
AF-A0A4Z0YI40-F1-model_v4,len=126,ExpAA=11.42,First60=11.42,PredHel=0,Topology=o
AF-A0A0G2F073-F1-model_v4,len=965,ExpAA=227.98,First60=2.71,PredHel=11,Topology=i77-99o103-125i134-156o166-183i230-252o267-289i296-315o320-342i355-377o392-414i446-468o
AF-A0A067PAS6-F1-model_v4,len=137,ExpAA=0.96,First60=0.94,PredHel=0,Topology=o
AF-K5XMZ4-F1-model_v4,len=149,ExpAA=19.30,First60=19.28,PredHel=1,Topology=i12-34o
AF-A0A150UQ05-F1-model_v4,len=133,ExpAA=8.07,First60=8.06,PredHel=0,Topology=o
AF-A0A7C8I3I9-F1-model_v4,len=128,ExpAA=3.52,First60=3.45,PredHel=0,Topology=o
AF-A0A1X2G250-F1-model_v4,len=169,ExpAA=12.61,First60=12.50,PredHel=0,Topology=o
AF-A0A7J6IZF4-F1-model_v4,len=907,ExpAA=0.11,First60=0.00,PredHel=0,Topology=o
AF-A0A427YDE1-F1-model_v4,len=182,ExpAA=0.65,First60=0.64,PredHel=0,Topology=o
AF-A0A5M8PY82-F1-model_v4,len=527,ExpAA=21.85,First60=21.47,PredHel=1,Topology=i13-35o
AF-A0A168MQY9-F1-model_v4,len=143,ExpAA=0.01,First60=0.01,PredHel=0,Topology=o
AF-A0A0N0V4Z0-F1-model_v4,len=255,ExpAA=1.99,First60=1.99,PredHel=0,Topology=o
AF-A0A0P7ALI4-F1-model_v4,len=272,ExpAA=0.08,First60=0.07,PredHel=0,Topology=o
AF-A0A1Y2VAL5-F1-model_v4,len=130,ExpAA=5.68,First60=5.68,PredHel=0,Topology=o
AF-A0A2B7XQU9-F1-model_v4,len=151,ExpAA=0.06,First60=0.05,PredHel=0,Topology=o
AF-A0A6A6BNV2-F1-model_v4,len=1219,ExpAA=72.79,First60=21.87,PredHel=3,Topology=i7-29o579-601i792-814o
AF-A0A179H2D4-F1-model_v4,len=127,ExpAA=1.51,First60=1.30,PredHel=0,Topology=o
AF-A0A6A5RSH6-F1-model_v4,len=254,ExpAA=0.23,First60=0.23,PredHel=0,Topology=o
AF-A0A4S4L1H6-F1-model_v4,len=333,ExpAA=20.49,First60=20.48,PredHel=1,Topology=i12-31o
AF-A0A0D2NN66-F1-model_v4,len=281,ExpAA=0.88,First60=0.81,PredHel=0,Topology=o
AF-A0A0I9XJ39-F1-model_v4,len=141,ExpAA=0.36,First60=0.36,PredHel=0,Topology=o
AF-A0A4Z0YE94-F1-model_v4,len=127,ExpAA=0.26,First60=0.26,PredHel=0,Topology=o
AF-A0A4Q0A3S7-F1-model_v4,len=148,ExpAA=17.08,First60=17.07,PredHel=1,Topology=o5-27i
AF-A0A4Z1FRG2-F1-model_v4,len=423,ExpAA=13.81,First60=13.75,PredHel=1,Topology=i2-21o
AF-Q5B8X2-F1-model_v4,len=116,ExpAA=9.55,First60=9.54,PredHel=0,Topology=o
AF-A0A4V5NHU1-F1-model_v4,len=328,ExpAA=0.17,First60=0.07,PredHel=0,Topology=o
AF-A0A137NRB1-F1-model_v4,len=135,ExpAA=0.59,First60=0.58,PredHel=0,Topology=o
AF-J4H0U3-F1-model_v4,len=277,ExpAA=6.24,First60=6.19,PredHel=0,Topology=o
AF-A0A397H9I5-F1-model_v4,len=128,ExpAA=0.67,First60=0.66,PredHel=0,Topology=o
AF-A0A0B4FCB3-F1-model_v4,len=115,ExpAA=15.02,First60=15.02,PredHel=1,Topology=i5-22o
AF-A0A4Y7TPU1-F1-model_v4,len=281,ExpAA=0.14,First60=0.14,PredHel=0,Topology=o
AF-A0A4S4L1H6-F1-model_v4,len=333,ExpAA=20.49,First60=20.48,PredHel=1,Topology=i12-31o
AF-A0A010RNQ5-F1-model_v4,len=127,ExpAA=0.14,First60=0.14,PredHel=0,Topology=o
AF-A0A4Y9ZED6-F1-model_v4,len=543,ExpAA=4.89,First60=4.88,PredHel=0,Topology=o
AF-A0A2S4UZ03-F1-model_v4,len=167,ExpAA=0.01,First60=0.00,PredHel=0,Topology=o
AF-A0A3M7FAD8-F1-model_v4,len=241,ExpAA=13.01,First60=13.00,PredHel=0,Topology=o
AF-A0A366SAJ5-F1-model_v4,len=898,ExpAA=0.02,First60=0.02,PredHel=0,Topology=o
AF-A0A4S2MW76-F1-model_v4,len=166,ExpAA=7.09,First60=7.08,PredHel=0,Topology=o
AF-A0A430M7X9-F1-model_v4,len=274,ExpAA=4.35,First60=4.35,PredHel=0,Topology=o
AF-A0A428NUP9-F1-model_v4,len=595,ExpAA=0.12,First60=0.11,PredHel=0,Topology=o
AF-A0A4Q4TR87-F1-model_v4,len=648,ExpAA=0.05,First60=0.00,PredHel=0,Topology=o
AF-A0A7C8Q938-F1-model_v4,len=462,ExpAA=0.00,First60=0.00,PredHel=0,Topology=o
AF-A0A316YWJ2-F1-model_v4,len=246,ExpAA=0.15,First60=0.14,PredHel=0,Topology=o
AF-A0A3M7FAD8-F1-model_v4,len=241,ExpAA=13.01,First60=13.00,PredHel=0,Topology=o
AF-A0A316YWJ2-F1-model_v4,len=246,ExpAA=0.15,First60=0.14,PredHel=0,Topology=o
AF-A0A6A6SJI2-F1-model_v4,len=367,ExpAA=18.02,First60=15.87,PredHel=0,Topology=o
AF-W3WZW0-F1-model_v4,len=128,ExpAA=11.23,First60=11.21,PredHel=0,Topology=o
AF-M5C3M2-F1-model_v4,len=209,ExpAA=0.04,First60=0.01,PredHel=0,Topology=o
AF-A0A4V4HCZ3-F1-model_v4,len=193,ExpAA=0.19,First60=0.19,PredHel=0,Topology=o
AF-A0A2N5U4F2-F1-model_v4,len=192,ExpAA=2.09,First60=2.06,PredHel=0,Topology=o
AF-A0A061APF8-F1-model_v4,len=192,ExpAA=14.44,First60=14.44,PredHel=0,Topology=o
AF-A0A4Q4WDW0-F1-model_v4,len=113,ExpAA=1.50,First60=1.50,PredHel=0,Topology=o
AF-A0A2V1E2L1-F1-model_v4,len=642,ExpAA=6.79,First60=6.79,PredHel=0,Topology=o
AF-A0A395RVW8-F1-model_v4,len=238,ExpAA=12.09,First60=12.09,PredHel=0,Topology=o
AF-A0A4S9HGL1-F1-model_v4,len=241,ExpAA=5.15,First60=5.15,PredHel=0,Topology=o
AF-A0A4S9MEH9-F1-model_v4,len=241,ExpAA=6.27,First60=6.27,PredHel=0,Topology=o
AF-A0A4S4LQW9-F1-model_v4,len=263,ExpAA=16.06,First60=13.05,PredHel=0,Topology=o
AF-A0A369JT40-F1-model_v4,len=198,ExpAA=15.48,First60=15.47,PredHel=0,Topology=o
AF-A0A4V4HCZ3-F1-model_v4,len=193,ExpAA=0.19,First60=0.19,PredHel=0,Topology=o
AF-A0A3M2SIC3-F1-model_v4,len=610,ExpAA=0.01,First60=0.00,PredHel=0,Topology=o
AF-M5C3M2-F1-model_v4,len=209,ExpAA=0.04,First60=0.01,PredHel=0,Topology=o
AF-A0A409YS61-F1-model_v4,len=249,ExpAA=1.40,First60=1.39,PredHel=0,Topology=o
AF-A0A7C8JV81-F1-model_v4,len=422,ExpAA=0.02,First60=0.02,PredHel=0,Topology=o
AF-A0A2S4UEZ6-F1-model_v4,len=395,ExpAA=18.65,First60=18.64,PredHel=1,Topology=i7-29o
AF-A0A0D0DZ62-F1-model_v4,len=142,ExpAA=1.40,First60=1.32,PredHel=0,Topology=o
AF-A0A7C8I3I9-F1-model_v4,len=128,ExpAA=3.52,First60=3.45,PredHel=0,Topology=o
AF-A0A3D8RSQ6-F1-model_v4,len=727,ExpAA=0.00,First60=0.00,PredHel=0,Topology=o
AF-A0A5C3R4A4-F1-model_v4,len=263,ExpAA=2.94,First60=2.94,PredHel=0,Topology=o
AF-A0A409YVL7-F1-model_v4,len=262,ExpAA=1.21,First60=0.94,PredHel=0,Topology=o
AF-A0A401GJW2-F1-model_v4,len=279,ExpAA=14.64,First60=14.61,PredHel=1,Topology=i7-24o
AF-A0A409YVL7-F1-model_v4,len=262,ExpAA=1.21,First60=0.94,PredHel=0,Topology=o
AF-A0A286UN63-F1-model_v4,len=225,ExpAA=12.36,First60=12.36,PredHel=0,Topology=o
AF-A0A1G4AQ17-F1-model_v4,len=453,ExpAA=0.00,First60=0.00,PredHel=0,Topology=o
AF-A0A8A3PLP2-F1-model_v4,len=125,ExpAA=0.76,First60=0.76,PredHel=0,Topology=o
AF-S8A459-F1-model_v4,len=143,ExpAA=0.09,First60=0.08,PredHel=0,Topology=o
AF-A0A1X2HGL1-F1-model_v4,len=202,ExpAA=2.96,First60=2.94,PredHel=0,Topology=o
AF-A0A395RNG0-F1-model_v4,len=121,ExpAA=1.37,First60=1.37,PredHel=0,Topology=o
AF-A0A6A6CHJ1-F1-model_v4,len=125,ExpAA=1.09,First60=1.09,PredHel=0,Topology=o
AF-A0A6G1K1L7-F1-model_v4,len=292,ExpAA=1.43,First60=1.43,PredHel=0,Topology=o
AF-A0A0P7B6I9-F1-model_v4,len=364,ExpAA=0.00,First60=0.00,PredHel=0,Topology=o
AF-A0A6A5YVT2-F1-model_v4,len=118,ExpAA=1.46,First60=1.46,PredHel=0,Topology=o
AF-A0A1Y2TM60-F1-model_v4,len=601,ExpAA=0.02,First60=0.00,PredHel=0,Topology=o
AF-A0A4S4LQW9-F1-model_v4,len=263,ExpAA=16.06,First60=13.05,PredHel=0,Topology=o
AF-A0A4Y9ZED6-F1-model_v4,len=543,ExpAA=4.89,First60=4.88,PredHel=0,Topology=o
AF-A0A2H3DRQ3-F1-model_v4,len=120,ExpAA=2.65,First60=2.65,PredHel=0,Topology=o
AF-A0A2T3Z673-F1-model_v4,len=195,ExpAA=2.85,First60=2.69,PredHel=0,Topology=o
AF-A0A1Y6LTJ0-F1-model_v4,len=143,ExpAA=16.03,First60=16.03,PredHel=1,Topology=i7-29o
AF-J4H0U3-F1-model_v4,len=277,ExpAA=6.24,First60=6.19,PredHel=0,Topology=o
AF-A0A2I1BYM1-F1-model_v4,len=147,ExpAA=4.40,First60=4.40,PredHel=0,Topology=o
AF-A0A066VGB6-F1-model_v4,len=216,ExpAA=6.73,First60=6.73,PredHel=0,Topology=o
AF-A0A4S9MEH9-F1-model_v4,len=241,ExpAA=6.27,First60=6.27,PredHel=0,Topology=o
AF-A0A1V1TCA6-F1-model_v4,len=557,ExpAA=0.00,First60=0.00,PredHel=0,Topology=o
AF-A0A1C1CDI9-F1-model_v4,len=199,ExpAA=22.38,First60=11.00,PredHel=1,Topology=i50-72o
AF-A0A175WGW5-F1-model_v4,len=756,ExpAA=0.00,First60=0.00,PredHel=0,Topology=o
AF-A0A1C1CDI9-F1-model_v4,len=199,ExpAA=22.38,First60=11.00,PredHel=1,Topology=i50-72o
AF-A0A175VQT3-F1-model_v4,len=798,ExpAA=0.00,First60=0.00,PredHel=0,Topology=o
AF-A0A175VRI7-F1-model_v4,len=809,ExpAA=0.00,First60=0.00,PredHel=0,Topology=o
AF-A0A1C1CQ00-F1-model_v4,len=700,ExpAA=0.03,First60=0.03,PredHel=0,Topology=o
AF-A0A175VZ46-F1-model_v4,len=581,ExpAA=0.00,First60=0.00,PredHel=0,Topology=o
AF-A0A175VMP5-F1-model_v4,len=669,ExpAA=0.03,First60=0.00,PredHel=0,Topology=o
AF-A0A1C1CAT6-F1-model_v4,len=1116,ExpAA=0.01,First60=0.00,PredHel=0,Topology=o
AF-A0A0D2F206-F1-model_v4,len=599,ExpAA=0.00,First60=0.00,PredHel=0,Topology=o
AF-A0A175VYR5-F1-model_v4,len=248,ExpAA=3.42,First60=3.36,PredHel=0,Topology=o
AF-A0A0D2H9R1-F1-model_v4,len=581,ExpAA=0.00,First60=0.00,PredHel=0,Topology=o
AF-A0A175WGV5-F1-model_v4,len=416,ExpAA=0.00,First60=0.00,PredHel=0,Topology=o
AF-A0A0D2G9C0-F1-model_v4,len=624,ExpAA=0.01,First60=0.00,PredHel=0,Topology=o
AF-A0A175W315-F1-model_v4,len=373,ExpAA=0.01,First60=0.00,PredHel=0,Topology=o
AF-U7PR63-F1-model_v4,len=286,ExpAA=0.00,First60=0.00,PredHel=0,Topology=o
AF-A0A1C1CQS0-F1-model_v4,len=1144,ExpAA=0.02,First60=0.00,PredHel=0,Topology=o
AF-A0A0D2DT08-F1-model_v4,len=1130,ExpAA=0.00,First60=0.00,PredHel=0,Topology=o
AF-A0A175VZK1-F1-model_v4,len=417,ExpAA=0.00,First60=0.00,PredHel=0,Topology=o
AF-A0A175VZF5-F1-model_v4,len=269,ExpAA=9.25,First60=6.93,PredHel=0,Topology=o
AF-A0A175W7W2-F1-model_v4,len=252,ExpAA=23.38,First60=6.62,PredHel=0,Topology=o
AF-A0A175W4H2-F1-model_v4,len=542,ExpAA=0.13,First60=0.04,PredHel=0,Topology=o
AF-A0A1C1CDK0-F1-model_v4,len=469,ExpAA=0.37,First60=0.00,PredHel=0,Topology=o
AF-U7Q4H5-F1-model_v4,len=550,ExpAA=25.79,First60=19.99,PredHel=1,Topology=i11-33o
AF-A0A1C1CWG4-F1-model_v4,len=532,ExpAA=31.92,First60=21.85,PredHel=2,Topology=o4-26i324-346o
AF-A0A0D2GTA1-F1-model_v4,len=527,ExpAA=22.00,First60=20.85,PredHel=1,Topology=i2-24o
AF-C0NMB2-F1-model_v4,len=122,ExpAA=5.02,First60=5.00,PredHel=0,Topology=o
AF-A0A0D2GCN2-F1-model_v4,len=529,ExpAA=21.96,First60=20.49,PredHel=1,Topology=i7-26o
AF-A0A175VT18-F1-model_v4,len=350,ExpAA=22.90,First60=0.00,PredHel=1,Topology=o323-345i
AF-C1GRD6-F1-model_v4,len=140,ExpAA=3.07,First60=3.06,PredHel=0,Topology=o
AF-A0A175VU86-F1-model_v4,len=909,ExpAA=0.00,First60=0.00,PredHel=0,Topology=o
AF-C0NS76-F1-model_v4,len=145,ExpAA=4.88,First60=3.80,PredHel=0,Topology=o
AF-A0A0D2FCS7-F1-model_v4,len=203,ExpAA=23.03,First60=7.54,PredHel=1,Topology=i54-76o
