AF-O59952-F1-model_v4,len=291,ExpAA=0.20,First60=0.20,PredHel=0,Topology=o
AF-P19515-F1-model_v4,len=363,ExpAA=19.07,First60=19.05,PredHel=1,Topology=i7-26o
AF-P61869-F1-model_v4,len=305,ExpAA=0.15,First60=0.13,PredHel=0,Topology=o
AF-P61870-F1-model_v4,len=305,ExpAA=0.15,First60=0.13,PredHel=0,Topology=o
AF-P61871-F1-model_v4,len=392,ExpAA=2.10,First60=2.09,PredHel=0,Topology=o
AF-P61872-F1-model_v4,len=392,ExpAA=2.10,First60=2.09,PredHel=0,Topology=o
AF-P0CT91-F1-model_v4,len=416,ExpAA=19.14,First60=18.73,PredHel=1,Topology=i9-31o
AF-O42815-F1-model_v4,len=280,ExpAA=1.62,First60=1.46,PredHel=0,Topology=o
AF-Q0CBM7-F1-model_v4,len=281,ExpAA=0.12,First60=0.10,PredHel=0,Topology=o
AF-Q9P979-F1-model_v4,len=281,ExpAA=0.62,First60=0.47,PredHel=0,Topology=o
AF-B8NIB8-F1-model_v4,len=281,ExpAA=11.88,First60=11.33,PredHel=0,Topology=o
AF-Q2UNW5-F1-model_v4,len=281,ExpAA=9.65,First60=9.26,PredHel=0,Topology=o
AF-O42807-F1-model_v4,len=281,ExpAA=1.09,First60=0.97,PredHel=0,Topology=o
AF-A2QSY5-F1-model_v4,len=281,ExpAA=1.09,First60=0.97,PredHel=0,Topology=o
AF-A7UNK4-F1-model_v4,len=94,ExpAA=0.01,First60=0.01,PredHel=0,Topology=o
AF-P47145-F1-model_v4,len=328,ExpAA=0.12,First60=0.04,PredHel=0,Topology=o
AF-Q5KTN2-F1-model_v4,len=537,ExpAA=20.32,First60=20.12,PredHel=1,Topology=i5-24o
AF-D4AY62-F1-model_v4,len=499,ExpAA=0.22,First60=0.21,PredHel=0,Topology=o
AF-Q00746-F1-model_v4,len=277,ExpAA=0.08,First60=0.08,PredHel=0,Topology=o
AF-Q1E8D2-F1-model_v4,len=146,ExpAA=6.89,First60=6.87,PredHel=0,Topology=o
AF-P87020-F1-model_v4,len=299,ExpAA=8.35,First60=8.35,PredHel=0,Topology=o
AF-Q1E8D2-F1-model_v4,len=146,ExpAA=6.89,First60=6.87,PredHel=0,Topology=o
1eb6.cif.gz_A,len=177,ExpAA=0.00,First60=0.00,PredHel=0,Topology=o
3sul.cif.gz_A,len=122,ExpAA=0.07,First60=0.05,PredHel=0,Topology=o
2kqa.cif.gz_MODEL_14_A,len=129,ExpAA=0.01,First60=0.01,PredHel=0,Topology=o
2kqa.cif.gz_MODEL_14_A,len=129,ExpAA=0.01,First60=0.01,PredHel=0,Topology=o
3sul.cif.gz_A,len=122,ExpAA=0.07,First60=0.05,PredHel=0,Topology=o
AF-F9F5L1-F1-model_v4,len=362,ExpAA=13.56,First60=13.53,PredHel=0,Topology=o
AF-A0A094E4Z2-F1-model_v4,len=385,ExpAA=0.01,First60=0.00,PredHel=0,Topology=o
AF-A0A1B8AQW3-F1-model_v4,len=185,ExpAA=0.00,First60=0.00,PredHel=0,Topology=o
AF-A0A6G1J3A6-F1-model_v4,len=244,ExpAA=0.00,First60=0.00,PredHel=0,Topology=o
AF-F9GAP4-F1-model_v4,len=161,ExpAA=0.05,First60=0.00,PredHel=0,Topology=o
AF-A0A6A6SQ41-F1-model_v4,len=303,ExpAA=2.37,First60=2.37,PredHel=0,Topology=o
AF-A0A1Y2TWA8-F1-model_v4,len=227,ExpAA=18.41,First60=18.40,PredHel=1,Topology=o4-21i
AF-A0A1B8E6X3-F1-model_v4,len=148,ExpAA=0.22,First60=0.09,PredHel=0,Topology=o
AF-G2YAH4-F1-model_v4,len=378,ExpAA=18.70,First60=18.47,PredHel=1,Topology=i2-24o
AF-A0A1L7WQJ3-F1-model_v4,len=409,ExpAA=2.21,First60=1.98,PredHel=0,Topology=o
AF-A0A6M7Z392-F1-model_v4,len=447,ExpAA=0.18,First60=0.00,PredHel=0,Topology=o
AF-A0A1Y1VSK8-F1-model_v4,len=239,ExpAA=2.56,First60=2.14,PredHel=0,Topology=o
AF-H0EYU1-F1-model_v4,len=234,ExpAA=0.00,First60=0.00,PredHel=0,Topology=o
AF-A0A1Y1VGZ9-F1-model_v4,len=429,ExpAA=0.43,First60=0.38,PredHel=0,Topology=o
AF-A0A1Y3NKZ9-F1-model_v4,len=471,ExpAA=0.39,First60=0.35,PredHel=0,Topology=o
AF-A0A1Y2A7E6-F1-model_v4,len=355,ExpAA=0.25,First60=0.20,PredHel=0,Topology=o
AF-A0A0D1ZLH5-F1-model_v4,len=409,ExpAA=0.02,First60=0.00,PredHel=0,Topology=o
AF-A0A2Z6QPQ1-F1-model_v4,len=140,ExpAA=19.91,First60=19.06,PredHel=1,Topology=o34-56i
AF-A0A2T0AG64-F1-model_v4,len=97,ExpAA=0.01,First60=0.00,PredHel=0,Topology=o
AF-A0A507B5X1-F1-model_v4,len=402,ExpAA=36.66,First60=36.03,PredHel=2,Topology=o4-26i39-58o
AF-A0A427XWQ8-F1-model_v4,len=387,ExpAA=0.03,First60=0.02,PredHel=0,Topology=o
AF-A7UNK4-F1-model_v4,len=94,ExpAA=0.01,First60=0.01,PredHel=0,Topology=o
AF-A0A1Y3NAX8-F1-model_v4,len=393,ExpAA=22.57,First60=0.08,PredHel=1,Topology=o294-316i
AF-A0A066W885-F1-model_v4,len=98,ExpAA=0.00,First60=0.00,PredHel=0,Topology=i
AF-A0A316VJL4-F1-model_v4,len=105,ExpAA=0.01,First60=0.01,PredHel=0,Topology=o
AF-A0A1M3TFR6-F1-model_v4,len=435,ExpAA=0.02,First60=0.00,PredHel=0,Topology=o
AF-A0A1Y1XL48-F1-model_v4,len=405,ExpAA=33.82,First60=11.11,PredHel=1,Topology=o298-320i
AF-A0A2S7QZ20-F1-model_v4,len=195,ExpAA=30.78,First60=21.64,PredHel=1,Topology=o5-27i
AF-A0A0L6VIJ7-F1-model_v4,len=214,ExpAA=0.06,First60=0.06,PredHel=0,Topology=o
AF-K2SE83-F1-model_v4,len=191,ExpAA=8.52,First60=8.52,PredHel=0,Topology=o
AF-A0A1Y2EGM4-F1-model_v4,len=344,ExpAA=23.66,First60=0.62,PredHel=1,Topology=o295-317i
AF-X0IVL1-F1-model_v4,len=193,ExpAA=5.81,First60=5.80,PredHel=0,Topology=o
AF-A0A2S7NVD0-F1-model_v4,len=251,ExpAA=21.40,First60=21.39,PredHel=1,Topology=o5-27i
AF-A0A2K0UUP6-F1-model_v4,len=299,ExpAA=0.00,First60=0.00,PredHel=0,Topology=o
AF-W7MPV6-F1-model_v4,len=306,ExpAA=0.02,First60=0.00,PredHel=0,Topology=o
AF-A0A0H2UF94-F1-model_v4,len=259,ExpAA=19.08,First60=7.05,PredHel=1,Topology=o52-74i
AF-A0A4P9ZU38-F1-model_v4,len=95,ExpAA=0.00,First60=0.00,PredHel=0,Topology=i
AF-A0A0G4LNK6-F1-model_v4,len=318,ExpAA=0.31,First60=0.22,PredHel=0,Topology=o
AF-A0A2C5XC43-F1-model_v4,len=458,ExpAA=0.20,First60=0.11,PredHel=0,Topology=o
AF-F4RQ52-F1-model_v4,len=343,ExpAA=0.93,First60=0.93,PredHel=0,Topology=o
AF-A0A5N6Z1V8-F1-model_v4,len=330,ExpAA=0.19,First60=0.11,PredHel=0,Topology=o
AF-A0A2P5I8L5-F1-model_v4,len=260,ExpAA=0.21,First60=0.14,PredHel=0,Topology=o
AF-A0A5N7EZ44-F1-model_v4,len=379,ExpAA=4.01,First60=3.75,PredHel=0,Topology=o
AF-A0A0A2JVB1-F1-model_v4,len=418,ExpAA=1.05,First60=1.03,PredHel=0,Topology=o
AF-A0A093ZW93-F1-model_v4,len=170,ExpAA=4.10,First60=1.42,PredHel=0,Topology=o
AF-A0A6A6RT61-F1-model_v4,len=1028,ExpAA=0.00,First60=0.00,PredHel=0,Topology=o
AF-A0A6A6E417-F1-model_v4,len=346,ExpAA=0.01,First60=0.00,PredHel=0,Topology=o
AF-A0A6A6DMB6-F1-model_v4,len=360,ExpAA=0.00,First60=0.00,PredHel=0,Topology=o
AF-A0A093ZW93-F1-model_v4,len=170,ExpAA=4.10,First60=1.42,PredHel=0,Topology=o
AF-C4JIS5-F1-model_v4,len=137,ExpAA=2.99,First60=2.99,PredHel=0,Topology=o
AF-A0A094AIR3-F1-model_v4,len=883,ExpAA=17.35,First60=15.18,PredHel=0,Topology=o
AF-N4VKF1-F1-model_v4,len=184,ExpAA=2.64,First60=2.59,PredHel=0,Topology=o
AF-R1ECQ5-F1-model_v4,len=232,ExpAA=0.56,First60=0.55,PredHel=0,Topology=o
AF-M7TXD1-F1-model_v4,len=376,ExpAA=15.44,First60=15.03,PredHel=0,Topology=o
AF-A0A094HNM2-F1-model_v4,len=870,ExpAA=211.66,First60=6.56,PredHel=9,Topology=i58-80o142-164i176-198o264-286i299-321o331-348i360-382o397-419i426-448o
AF-A0A1J9REZ4-F1-model_v4,len=556,ExpAA=8.38,First60=8.38,PredHel=0,Topology=o
AF-A0A5N7API5-F1-model_v4,len=324,ExpAA=3.86,First60=3.76,PredHel=0,Topology=o
AF-A0A5N6G361-F1-model_v4,len=392,ExpAA=3.28,First60=3.19,PredHel=0,Topology=o
AF-A0A1Y3NLK6-F1-model_v4,len=441,ExpAA=0.40,First60=0.35,PredHel=0,Topology=o
AF-A0A167VXH4-F1-model_v4,len=470,ExpAA=36.82,First60=19.37,PredHel=2,Topology=o20-42i95-117o
AF-G9NB57-F1-model_v4,len=149,ExpAA=1.96,First60=1.86,PredHel=0,Topology=o
AF-A0A177CJV0-F1-model_v4,len=960,ExpAA=0.00,First60=0.00,PredHel=0,Topology=o
AF-A0A444RL89-F1-model_v4,len=392,ExpAA=0.00,First60=0.00,PredHel=0,Topology=o
AF-A0A094GC71-F1-model_v4,len=196,ExpAA=13.92,First60=13.63,PredHel=1,Topology=o4-21i
AF-A0A0N8PZD2-F1-model_v4,len=231,ExpAA=20.97,First60=20.95,PredHel=1,Topology=o10-29i
AF-S8BHG8-F1-model_v4,len=408,ExpAA=0.27,First60=0.12,PredHel=0,Topology=o
AF-A0A1E4SY04-F1-model_v4,len=192,ExpAA=2.66,First60=2.66,PredHel=0,Topology=o
AF-A0A178DIN7-F1-model_v4,len=411,ExpAA=9.48,First60=8.84,PredHel=0,Topology=o
AF-A0A238F7H8-F1-model_v4,len=199,ExpAA=0.11,First60=0.04,PredHel=0,Topology=o
AF-A0A194V7B3-F1-model_v4,len=654,ExpAA=0.00,First60=0.00,PredHel=0,Topology=o
AF-S3D2G7-F1-model_v4,len=526,ExpAA=20.83,First60=20.72,PredHel=1,Topology=i2-24o
AF-A0A232LQE2-F1-model_v4,len=174,ExpAA=17.58,First60=17.58,PredHel=1,Topology=o5-27i
AF-A0A4Z1KJN0-F1-model_v4,len=224,ExpAA=0.11,First60=0.08,PredHel=0,Topology=o
AF-A0A2X0MKP5-F1-model_v4,len=160,ExpAA=12.52,First60=12.44,PredHel=0,Topology=o
AF-S8ADS7-F1-model_v4,len=288,ExpAA=0.37,First60=0.37,PredHel=0,Topology=o
AF-A0A2J5I6V3-F1-model_v4,len=103,ExpAA=5.46,First60=5.46,PredHel=0,Topology=o
AF-S8ADS7-F1-model_v4,len=288,ExpAA=0.37,First60=0.37,PredHel=0,Topology=o
AF-A0A0C3H453-F1-model_v4,len=523,ExpAA=2.88,First60=2.83,PredHel=0,Topology=o
AF-A0A319DST4-F1-model_v4,len=258,ExpAA=0.01,First60=0.00,PredHel=0,Topology=o
AF-A0A0D2XM95-F1-model_v4,len=634,ExpAA=0.00,First60=0.00,PredHel=0,Topology=o
AF-F9X4X1-F1-model_v4,len=205,ExpAA=0.40,First60=0.39,PredHel=0,Topology=o
AF-A0A1B8DA48-F1-model_v4,len=312,ExpAA=5.50,First60=5.06,PredHel=0,Topology=o
AF-A0A2V1BYP4-F1-model_v4,len=256,ExpAA=2.81,First60=2.79,PredHel=0,Topology=o
AF-A0A0B7KPK7-F1-model_v4,len=648,ExpAA=21.64,First60=21.55,PredHel=1,Topology=i13-35o
AF-E3KA77-F1-model_v4,len=311,ExpAA=2.80,First60=2.80,PredHel=0,Topology=o
AF-A0A6A6YRI8-F1-model_v4,len=381,ExpAA=0.00,First60=0.00,PredHel=0,Topology=o
AF-A0A2S4W2B0-F1-model_v4,len=313,ExpAA=42.17,First60=19.97,PredHel=2,Topology=o20-42i63-85o
AF-A0A2N3NKM7-F1-model_v4,len=223,ExpAA=4.96,First60=4.95,PredHel=0,Topology=o
AF-A0A1D9PWX6-F1-model_v4,len=304,ExpAA=1.14,First60=1.11,PredHel=0,Topology=o
AF-M2R073-F1-model_v4,len=119,ExpAA=12.23,First60=11.18,PredHel=0,Topology=o
AF-A0A0B1P0I6-F1-model_v4,len=524,ExpAA=20.47,First60=19.38,PredHel=1,Topology=i7-24o
AF-A0A1L7UBK4-F1-model_v4,len=360,ExpAA=0.55,First60=0.11,PredHel=0,Topology=o
AF-A0A229XUI9-F1-model_v4,len=118,ExpAA=12.92,First60=12.90,PredHel=0,Topology=o
AF-A0A6A6BBZ4-F1-model_v4,len=373,ExpAA=0.00,First60=0.00,PredHel=0,Topology=o
AF-A0A2J6TRD7-F1-model_v4,len=609,ExpAA=0.00,First60=0.00,PredHel=0,Topology=o
AF-A0A423VRW7-F1-model_v4,len=451,ExpAA=0.89,First60=0.87,PredHel=0,Topology=o
AF-A0A3D8RVE1-F1-model_v4,len=438,ExpAA=7.64,First60=1.21,PredHel=0,Topology=o
AF-A0A4Y7PQX3-F1-model_v4,len=110,ExpAA=5.08,First60=5.04,PredHel=0,Topology=o
AF-A0A5M3MBT6-F1-model_v4,len=187,ExpAA=0.01,First60=0.01,PredHel=0,Topology=o
AF-A0A4Z1G3R8-F1-model_v4,len=259,ExpAA=0.16,First60=0.14,PredHel=0,Topology=o
AF-A0A559M4V3-F1-model_v4,len=1057,ExpAA=0.00,First60=0.00,PredHel=0,Topology=o
AF-Q0CDB1-F1-model_v4,len=341,ExpAA=0.07,First60=0.00,PredHel=0,Topology=o
AF-A0A094DA97-F1-model_v4,len=506,ExpAA=19.06,First60=17.63,PredHel=0,Topology=o
AF-A0A2J6SSY9-F1-model_v4,len=310,ExpAA=4.82,First60=4.77,PredHel=0,Topology=o
AF-A0A6A5W127-F1-model_v4,len=124,ExpAA=17.54,First60=17.54,PredHel=0,Topology=o
AF-W3VPQ7-F1-model_v4,len=502,ExpAA=3.71,First60=3.51,PredHel=0,Topology=o
AF-A0A420I6L5-F1-model_v4,len=524,ExpAA=21.12,First60=19.88,PredHel=1,Topology=i7-24o
AF-A0A433A0I0-F1-model_v4,len=151,ExpAA=2.14,First60=2.10,PredHel=0,Topology=o
AF-A0A219AQW7-F1-model_v4,len=176,ExpAA=0.01,First60=0.00,PredHel=0,Topology=o
AF-G1XSB4-F1-model_v4,len=331,ExpAA=0.36,First60=0.36,PredHel=0,Topology=o
AF-A0A409XV56-F1-model_v4,len=257,ExpAA=14.46,First60=4.97,PredHel=0,Topology=o
AF-A0A5J5F3E6-F1-model_v4,len=129,ExpAA=19.54,First60=8.19,PredHel=0,Topology=o
AF-A0A0J0XPW4-F1-model_v4,len=230,ExpAA=5.57,First60=5.57,PredHel=0,Topology=o
AF-A0A7C8R8C7-F1-model_v4,len=305,ExpAA=0.40,First60=0.39,PredHel=0,Topology=o
AF-A0A086ST65-F1-model_v4,len=130,ExpAA=0.06,First60=0.06,PredHel=0,Topology=o
AF-A0A318Y8B5-F1-model_v4,len=510,ExpAA=1.24,First60=1.24,PredHel=0,Topology=o
AF-A0A4Y7PQX3-F1-model_v4,len=110,ExpAA=5.08,First60=5.04,PredHel=0,Topology=o
AF-A0A316ZES7-F1-model_v4,len=122,ExpAA=14.04,First60=14.02,PredHel=0,Topology=o
AF-A0A167DDE6-F1-model_v4,len=268,ExpAA=2.66,First60=1.28,PredHel=0,Topology=o
AF-A0A2H3IS35-F1-model_v4,len=144,ExpAA=4.07,First60=3.61,PredHel=0,Topology=o
AF-A7F053-F1-model_v4,len=433,ExpAA=17.42,First60=16.76,PredHel=1,Topology=i5-22o
AF-A0A6G1HUV5-F1-model_v4,len=337,ExpAA=0.03,First60=0.03,PredHel=0,Topology=o
AF-A0A4Z1NWZ8-F1-model_v4,len=237,ExpAA=33.32,First60=25.03,PredHel=1,Topology=i13-35o
AF-A0A1E1LKR0-F1-model_v4,len=460,ExpAA=1.87,First60=0.36,PredHel=0,Topology=o
AF-A0A6A5W127-F1-model_v4,len=124,ExpAA=17.54,First60=17.54,PredHel=0,Topology=o
AF-G7DYK1-F1-model_v4,len=455,ExpAA=19.57,First60=0.00,PredHel=0,Topology=o
AF-F4RVM9-F1-model_v4,len=249,ExpAA=6.66,First60=6.65,PredHel=0,Topology=o
AF-A0A3E2HNH1-F1-model_v4,len=294,ExpAA=23.30,First60=9.37,PredHel=0,Topology=o
AF-A0A0W0EXD1-F1-model_v4,len=119,ExpAA=17.26,First60=17.26,PredHel=1,Topology=o10-32i
AF-A0A0F4ZCZ2-F1-model_v4,len=365,ExpAA=3.26,First60=3.25,PredHel=0,Topology=o
AF-A0A427XDL2-F1-model_v4,len=187,ExpAA=5.21,First60=5.21,PredHel=0,Topology=o
AF-A0A5N5J9N7-F1-model_v4,len=129,ExpAA=1.04,First60=1.04,PredHel=0,Topology=o
AF-U4LG37-F1-model_v4,len=158,ExpAA=19.99,First60=19.84,PredHel=1,Topology=i5-22o
AF-K1WCN3-F1-model_v4,len=928,ExpAA=1.36,First60=0.00,PredHel=0,Topology=o
AF-A0A093Y011-F1-model_v4,len=99,ExpAA=3.22,First60=3.21,PredHel=0,Topology=o
AF-A0A0G2EH31-F1-model_v4,len=409,ExpAA=0.02,First60=0.02,PredHel=0,Topology=o
AF-A0A177DIL1-F1-model_v4,len=402,ExpAA=0.04,First60=0.03,PredHel=0,Topology=o
AF-A0A232M0I0-F1-model_v4,len=367,ExpAA=1.64,First60=0.91,PredHel=0,Topology=o
AF-A0A4R0RZY2-F1-model_v4,len=117,ExpAA=34.73,First60=34.71,PredHel=2,Topology=i2-24o29-51i
AF-A0A6A6NUS6-F1-model_v4,len=132,ExpAA=0.54,First60=0.54,PredHel=0,Topology=o
AF-A0A1R0GSR4-F1-model_v4,len=352,ExpAA=0.00,First60=0.00,PredHel=0,Topology=o
AF-A0A2H3DWD1-F1-model_v4,len=115,ExpAA=21.18,First60=21.18,PredHel=1,Topology=i7-29o
AF-A0A178ABG6-F1-model_v4,len=141,ExpAA=0.65,First60=0.64,PredHel=0,Topology=o
AF-A0A6A6ZYU3-F1-model_v4,len=224,ExpAA=2.30,First60=2.22,PredHel=0,Topology=o
AF-A0A5B0M6G3-F1-model_v4,len=159,ExpAA=8.96,First60=8.93,PredHel=0,Topology=o
AF-A0A3A2ZNT2-F1-model_v4,len=104,ExpAA=0.00,First60=0.00,PredHel=0,Topology=o
AF-A0A4Q4TK64-F1-model_v4,len=535,ExpAA=0.02,First60=0.02,PredHel=0,Topology=o
AF-F4R416-F1-model_v4,len=229,ExpAA=0.01,First60=0.01,PredHel=0,Topology=o
AF-A0A094CGR7-F1-model_v4,len=565,ExpAA=23.12,First60=0.81,PredHel=1,Topology=i64-86o
AF-A0A428RY78-F1-model_v4,len=177,ExpAA=0.18,First60=0.18,PredHel=0,Topology=o
AF-A0A366PNY6-F1-model_v4,len=254,ExpAA=0.00,First60=0.00,PredHel=0,Topology=o
AF-A0A2K0WKG1-F1-model_v4,len=140,ExpAA=1.00,First60=1.00,PredHel=0,Topology=o
AF-A0A2H3GFC4-F1-model_v4,len=515,ExpAA=0.95,First60=0.00,PredHel=0,Topology=o
AF-A0A427XDL2-F1-model_v4,len=187,ExpAA=5.21,First60=5.21,PredHel=0,Topology=o
AF-A0A4Q4U123-F1-model_v4,len=115,ExpAA=4.47,First60=4.47,PredHel=0,Topology=o
AF-F4S5D7-F1-model_v4,len=248,ExpAA=0.01,First60=0.00,PredHel=0,Topology=o
AF-A0A0G2HTM2-F1-model_v4,len=143,ExpAA=0.03,First60=0.03,PredHel=0,Topology=o
AF-A0A371CX80-F1-model_v4,len=119,ExpAA=0.41,First60=0.41,PredHel=0,Topology=o
AF-A0A0G2G9D8-F1-model_v4,len=97,ExpAA=0.36,First60=0.36,PredHel=0,Topology=o
AF-A0A428QWT3-F1-model_v4,len=250,ExpAA=1.08,First60=0.72,PredHel=0,Topology=o
AF-A0A0D7BPM0-F1-model_v4,len=228,ExpAA=10.22,First60=10.19,PredHel=0,Topology=o
AF-I4YIB2-F1-model_v4,len=152,ExpAA=3.17,First60=3.16,PredHel=0,Topology=o
AF-A0A094J514-F1-model_v4,len=138,ExpAA=9.31,First60=9.18,PredHel=0,Topology=o
AF-A0A2J6RPD6-F1-model_v4,len=119,ExpAA=5.90,First60=5.90,PredHel=0,Topology=o
AF-U1HXY0-F1-model_v4,len=121,ExpAA=0.67,First60=0.67,PredHel=0,Topology=o
AF-A0A5N6W2P1-F1-model_v4,len=129,ExpAA=3.15,First60=2.01,PredHel=0,Topology=o
AF-A0A067MIN1-F1-model_v4,len=118,ExpAA=4.72,First60=4.70,PredHel=0,Topology=o
AF-A0A446BNC5-F1-model_v4,len=141,ExpAA=7.22,First60=7.22,PredHel=0,Topology=o
AF-A0A3F3QIP5-F1-model_v4,len=206,ExpAA=0.69,First60=0.69,PredHel=0,Topology=o
AF-A0A2T9ZFV3-F1-model_v4,len=318,ExpAA=11.76,First60=11.67,PredHel=0,Topology=o
AF-M7WPS6-F1-model_v4,len=252,ExpAA=0.14,First60=0.13,PredHel=0,Topology=o
AF-A0A364MRS7-F1-model_v4,len=420,ExpAA=0.00,First60=0.00,PredHel=0,Topology=o
AF-A0A1Y2FHR6-F1-model_v4,len=318,ExpAA=2.15,First60=2.14,PredHel=0,Topology=o
AF-A0A0C3HQA5-F1-model_v4,len=155,ExpAA=2.16,First60=2.16,PredHel=0,Topology=o
AF-A0A0D2N817-F1-model_v4,len=134,ExpAA=4.32,First60=4.23,PredHel=0,Topology=o
AF-A0A094H189-F1-model_v4,len=326,ExpAA=0.28,First60=0.09,PredHel=0,Topology=o
AF-A0A2N5U4H4-F1-model_v4,len=311,ExpAA=0.08,First60=0.08,PredHel=0,Topology=o
AF-A0A0F7U2X6-F1-model_v4,len=193,ExpAA=20.04,First60=20.04,PredHel=1,Topology=i7-26o
AF-A0A1L9RST0-F1-model_v4,len=204,ExpAA=0.12,First60=0.12,PredHel=0,Topology=o
AF-A0A1G4ARB7-F1-model_v4,len=127,ExpAA=7.96,First60=7.96,PredHel=0,Topology=o
AF-A0A5C6T253-F1-model_v4,len=252,ExpAA=0.00,First60=0.00,PredHel=0,Topology=o
AF-A0A1Y2FRK6-F1-model_v4,len=284,ExpAA=0.26,First60=0.26,PredHel=0,Topology=o
AF-A0A4V4HDQ8-F1-model_v4,len=142,ExpAA=17.14,First60=17.12,PredHel=1,Topology=i27-49o
AF-A0A0D6EFE5-F1-model_v4,len=194,ExpAA=16.92,First60=16.84,PredHel=1,Topology=i7-29o
AF-W9PH19-F1-model_v4,len=582,ExpAA=0.00,First60=0.00,PredHel=0,Topology=o
AF-A0A5C3F1R5-F1-model_v4,len=889,ExpAA=1.18,First60=1.18,PredHel=0,Topology=o
AF-A0A1Y2AQ19-F1-model_v4,len=129,ExpAA=0.38,First60=0.38,PredHel=0,Topology=o
AF-A0A1L9WF54-F1-model_v4,len=106,ExpAA=0.05,First60=0.03,PredHel=0,Topology=o
AF-A0A5N7BHJ5-F1-model_v4,len=163,ExpAA=0.81,First60=0.81,PredHel=0,Topology=o
AF-A0A319CUF1-F1-model_v4,len=617,ExpAA=1.03,First60=1.02,PredHel=0,Topology=o
AF-F4R8P0-F1-model_v4,len=285,ExpAA=1.51,First60=1.43,PredHel=0,Topology=o
AF-H1VAF4-F1-model_v4,len=312,ExpAA=0.10,First60=0.07,PredHel=0,Topology=o
AF-A0A366S133-F1-model_v4,len=536,ExpAA=0.04,First60=0.00,PredHel=0,Topology=o
AF-A0A4T0FE20-F1-model_v4,len=143,ExpAA=0.87,First60=0.85,PredHel=0,Topology=o
AF-I2G5A7-F1-model_v4,len=583,ExpAA=15.46,First60=15.46,PredHel=1,Topology=i7-29o
AF-A0A5N5KJC0-F1-model_v4,len=177,ExpAA=0.27,First60=0.26,PredHel=0,Topology=o
AF-A0A1E1M3V6-F1-model_v4,len=708,ExpAA=0.01,First60=0.00,PredHel=0,Topology=o
AF-A0A0C9UWH8-F1-model_v4,len=184,ExpAA=2.14,First60=2.13,PredHel=0,Topology=o
AF-C9SIL9-F1-model_v4,len=216,ExpAA=26.90,First60=26.81,PredHel=0,Topology=o
AF-A0A433D9V0-F1-model_v4,len=178,ExpAA=6.42,First60=5.31,PredHel=0,Topology=o
AF-A0A1G4ARB7-F1-model_v4,len=127,ExpAA=7.96,First60=7.96,PredHel=0,Topology=o
AF-A0A3M7NSE0-F1-model_v4,len=526,ExpAA=28.41,First60=21.42,PredHel=1,Topology=i2-24o
AF-R0IXM4-F1-model_v4,len=229,ExpAA=0.01,First60=0.01,PredHel=0,Topology=o
AF-A0A427XE07-F1-model_v4,len=189,ExpAA=10.80,First60=10.80,PredHel=0,Topology=o
AF-W7HT04-F1-model_v4,len=243,ExpAA=3.24,First60=3.24,PredHel=0,Topology=o
AF-A0A2X0LKV7-F1-model_v4,len=463,ExpAA=4.34,First60=4.34,PredHel=0,Topology=o
AF-A0A2S4V7B0-F1-model_v4,len=198,ExpAA=14.12,First60=14.00,PredHel=0,Topology=o
AF-A0A0D7B232-F1-model_v4,len=117,ExpAA=21.31,First60=21.31,PredHel=1,Topology=o4-26i
AF-A0A0N8H7M9-F1-model_v4,len=121,ExpAA=0.18,First60=0.18,PredHel=0,Topology=o
AF-A0A2T9YMF1-F1-model_v4,len=212,ExpAA=0.24,First60=0.24,PredHel=0,Topology=o
AF-A0A0C9WZA3-F1-model_v4,len=115,ExpAA=0.49,First60=0.14,PredHel=0,Topology=o
AF-A0A2C6AF80-F1-model_v4,len=117,ExpAA=0.14,First60=0.14,PredHel=0,Topology=o
AF-A0A2S5BHA8-F1-model_v4,len=241,ExpAA=0.25,First60=0.25,PredHel=0,Topology=o
AF-A0A0C3SAU1-F1-model_v4,len=256,ExpAA=3.60,First60=3.60,PredHel=0,Topology=o
AF-A0A2T4CH24-F1-model_v4,len=300,ExpAA=7.39,First60=7.34,PredHel=0,Topology=o
AF-F4R776-F1-model_v4,len=253,ExpAA=8.41,First60=7.97,PredHel=0,Topology=o
AF-A0A409WNZ9-F1-model_v4,len=129,ExpAA=15.62,First60=12.68,PredHel=0,Topology=o
AF-A0A6A6TI25-F1-model_v4,len=109,ExpAA=0.00,First60=0.00,PredHel=0,Topology=o
AF-A0A5C5G6D8-F1-model_v4,len=257,ExpAA=0.00,First60=0.00,PredHel=0,Topology=o
AF-A0A409XSN2-F1-model_v4,len=126,ExpAA=0.08,First60=0.07,PredHel=0,Topology=o
AF-A0A4Q1BQ11-F1-model_v4,len=121,ExpAA=0.23,First60=0.23,PredHel=0,Topology=o
AF-A0A0J9VHW5-F1-model_v4,len=439,ExpAA=0.03,First60=0.03,PredHel=0,Topology=o
AF-U5HIP1-F1-model_v4,len=385,ExpAA=0.00,First60=0.00,PredHel=0,Topology=o
AF-A0A316Z189-F1-model_v4,len=169,ExpAA=0.05,First60=0.05,PredHel=0,Topology=o
AF-A0A0C9TWY7-F1-model_v4,len=157,ExpAA=22.28,First60=22.12,PredHel=1,Topology=o23-45i
AF-R9P6K2-F1-model_v4,len=301,ExpAA=3.06,First60=3.06,PredHel=0,Topology=o
AF-A0A284S921-F1-model_v4,len=148,ExpAA=7.23,First60=7.20,PredHel=0,Topology=o
AF-U1G9L9-F1-model_v4,len=135,ExpAA=0.44,First60=0.43,PredHel=0,Topology=o
AF-A0A5C3N4F1-F1-model_v4,len=127,ExpAA=0.00,First60=0.00,PredHel=0,Topology=o
AF-A0A420TIK6-F1-model_v4,len=393,ExpAA=0.07,First60=0.00,PredHel=0,Topology=o
AF-B8P3B9-F1-model_v4,len=131,ExpAA=21.94,First60=21.94,PredHel=1,Topology=o5-27i
AF-A0A5C5FUR2-F1-model_v4,len=201,ExpAA=0.00,First60=0.00,PredHel=0,Topology=o
AF-A0A086TM79-F1-model_v4,len=140,ExpAA=11.41,First60=11.35,PredHel=0,Topology=o
AF-K5X8M8-F1-model_v4,len=136,ExpAA=14.83,First60=14.83,PredHel=0,Topology=o
AF-A0A7D8YYK0-F1-model_v4,len=306,ExpAA=2.56,First60=2.56,PredHel=0,Topology=o
AF-A0A6A6NUS6-F1-model_v4,len=132,ExpAA=0.54,First60=0.54,PredHel=0,Topology=o
AF-A0A7U2IC20-F1-model_v4,len=122,ExpAA=0.05,First60=0.04,PredHel=0,Topology=o
AF-A0A1Y2VSX6-F1-model_v4,len=280,ExpAA=1.18,First60=0.00,PredHel=0,Topology=o
AF-A0A094FJT8-F1-model_v4,len=219,ExpAA=1.36,First60=0.10,PredHel=0,Topology=o
AF-A0A137QS04-F1-model_v4,len=273,ExpAA=0.12,First60=0.02,PredHel=0,Topology=o
AF-A0A0L0VXJ8-F1-model_v4,len=297,ExpAA=23.01,First60=17.38,PredHel=0,Topology=o
AF-A0A3D8S5N2-F1-model_v4,len=157,ExpAA=0.19,First60=0.18,PredHel=0,Topology=o
AF-A0A1B8FML3-F1-model_v4,len=147,ExpAA=18.75,First60=18.73,PredHel=1,Topology=i13-32o
AF-A0A1V1TLT6-F1-model_v4,len=113,ExpAA=18.59,First60=18.57,PredHel=1,Topology=i5-27o
AF-A0A2V1BEL9-F1-model_v4,len=528,ExpAA=7.56,First60=5.92,PredHel=0,Topology=o
AF-A0A1X2GDF2-F1-model_v4,len=115,ExpAA=0.00,First60=0.00,PredHel=0,Topology=o
AF-A0A6M7YTJ2-F1-model_v4,len=115,ExpAA=0.24,First60=0.23,PredHel=0,Topology=o
AF-A0A517L1K9-F1-model_v4,len=346,ExpAA=7.76,First60=5.42,PredHel=0,Topology=o
AF-A0A5N5QBG6-F1-model_v4,len=140,ExpAA=16.31,First60=16.30,PredHel=1,Topology=o4-26i
AF-F4RXZ8-F1-model_v4,len=121,ExpAA=11.41,First60=11.41,PredHel=0,Topology=o
AF-A0A395RLM4-F1-model_v4,len=489,ExpAA=0.00,First60=0.00,PredHel=0,Topology=o
AF-A0A194S8Z6-F1-model_v4,len=356,ExpAA=3.91,First60=3.90,PredHel=0,Topology=o
AF-A0A4U0VU63-F1-model_v4,len=273,ExpAA=0.63,First60=0.63,PredHel=0,Topology=o
AF-A0A6A5XZZ5-F1-model_v4,len=263,ExpAA=1.34,First60=1.34,PredHel=0,Topology=o
AF-A0A2G8RMS7-F1-model_v4,len=297,ExpAA=5.81,First60=5.81,PredHel=0,Topology=o
AF-A0A6A6DA69-F1-model_v4,len=183,ExpAA=0.23,First60=0.23,PredHel=0,Topology=o
AF-F9FQ77-F1-model_v4,len=128,ExpAA=0.11,First60=0.09,PredHel=0,Topology=o
AF-A0A094E3L9-F1-model_v4,len=600,ExpAA=25.60,First60=22.75,PredHel=1,Topology=i5-27o
AF-A0A0K6G935-F1-model_v4,len=140,ExpAA=6.92,First60=6.92,PredHel=0,Topology=o
AF-A0A1C7LVY0-F1-model_v4,len=119,ExpAA=18.45,First60=18.43,PredHel=1,Topology=i7-26o
AF-E3QKH1-F1-model_v4,len=106,ExpAA=15.84,First60=15.84,PredHel=1,Topology=i2-24o
AF-A0A166QTX3-F1-model_v4,len=122,ExpAA=14.81,First60=14.81,PredHel=0,Topology=o
AF-A0A2N5T486-F1-model_v4,len=127,ExpAA=10.77,First60=10.77,PredHel=0,Topology=o
AF-A0A4Z1PHZ7-F1-model_v4,len=510,ExpAA=21.25,First60=21.24,PredHel=1,Topology=i7-29o
AF-A0A180GKW7-F1-model_v4,len=132,ExpAA=12.59,First60=12.58,PredHel=0,Topology=o
AF-W9YXU6-F1-model_v4,len=133,ExpAA=1.16,First60=1.16,PredHel=0,Topology=o
AF-A0A409YRY7-F1-model_v4,len=119,ExpAA=21.63,First60=15.93,PredHel=0,Topology=o
AF-A0A7D9H1I7-F1-model_v4,len=234,ExpAA=1.31,First60=1.31,PredHel=0,Topology=o
AF-A0A7R8AQH8-F1-model_v4,len=139,ExpAA=0.06,First60=0.06,PredHel=0,Topology=o
AF-A0A0C4F253-F1-model_v4,len=159,ExpAA=21.63,First60=21.63,PredHel=1,Topology=o4-26i
AF-G2QMV1-F1-model_v4,len=130,ExpAA=0.67,First60=0.65,PredHel=0,Topology=o
AF-S3CWG7-F1-model_v4,len=452,ExpAA=0.00,First60=0.00,PredHel=0,Topology=o
AF-A0A6A6UHK3-F1-model_v4,len=231,ExpAA=0.90,First60=0.72,PredHel=0,Topology=o
AF-A0A5C3PC92-F1-model_v4,len=130,ExpAA=18.25,First60=18.23,PredHel=1,Topology=o5-24i
AF-A0A365MYN4-F1-model_v4,len=493,ExpAA=0.00,First60=0.00,PredHel=0,Topology=o
AF-A0A427XD21-F1-model_v4,len=349,ExpAA=0.41,First60=0.41,PredHel=0,Topology=o
AF-A0A067QDZ0-F1-model_v4,len=131,ExpAA=21.81,First60=21.81,PredHel=1,Topology=o4-26i
AF-A0A3M7JZN8-F1-model_v4,len=374,ExpAA=8.09,First60=7.93,PredHel=0,Topology=o
AF-G3JUS4-F1-model_v4,len=513,ExpAA=0.28,First60=0.01,PredHel=0,Topology=o
AF-A0A0C2TNP7-F1-model_v4,len=123,ExpAA=19.56,First60=19.56,PredHel=1,Topology=i7-26o
AF-A0A367J2H3-F1-model_v4,len=185,ExpAA=16.86,First60=16.85,PredHel=1,Topology=o4-21i
AF-A0A6A6EY62-F1-model_v4,len=111,ExpAA=0.22,First60=0.22,PredHel=0,Topology=o
AF-A0A2H2YWB3-F1-model_v4,len=151,ExpAA=0.07,First60=0.06,PredHel=0,Topology=o
AF-A0A2S4W3F7-F1-model_v4,len=204,ExpAA=15.30,First60=1.48,PredHel=0,Topology=o
AF-A0A1Y2M5V1-F1-model_v4,len=580,ExpAA=1.48,First60=1.48,PredHel=0,Topology=o
AF-A0A137PHW8-F1-model_v4,len=242,ExpAA=0.02,First60=0.00,PredHel=0,Topology=o
AF-A0A0B2WEI2-F1-model_v4,len=129,ExpAA=9.52,First60=9.52,PredHel=0,Topology=o
AF-A0A0F7SXU0-F1-model_v4,len=182,ExpAA=0.32,First60=0.31,PredHel=0,Topology=o
AF-A0A1E4T5Q0-F1-model_v4,len=274,ExpAA=5.39,First60=5.39,PredHel=0,Topology=o
AF-W9J6Q2-F1-model_v4,len=398,ExpAA=0.01,First60=0.00,PredHel=0,Topology=o
AF-A0A4Q4M3W3-F1-model_v4,len=126,ExpAA=0.98,First60=0.98,PredHel=0,Topology=o
AF-A0A2H3B621-F1-model_v4,len=203,ExpAA=11.11,First60=11.09,PredHel=0,Topology=o
AF-A0A1S1VXZ3-F1-model_v4,len=508,ExpAA=17.93,First60=15.31,PredHel=0,Topology=o
AF-A0A094B990-F1-model_v4,len=121,ExpAA=0.65,First60=0.65,PredHel=0,Topology=o
AF-A0A0D0BDR7-F1-model_v4,len=133,ExpAA=19.68,First60=19.66,PredHel=1,Topology=o5-27i
AF-A0A166W687-F1-model_v4,len=139,ExpAA=21.30,First60=21.24,PredHel=1,Topology=i7-29o
AF-W3X5K4-F1-model_v4,len=115,ExpAA=12.28,First60=12.28,PredHel=0,Topology=o
AF-F9FQ77-F1-model_v4,len=128,ExpAA=0.11,First60=0.09,PredHel=0,Topology=o
AF-B0DXX4-F1-model_v4,len=246,ExpAA=19.16,First60=18.97,PredHel=1,Topology=i7-24o
AF-M7XK05-F1-model_v4,len=330,ExpAA=21.45,First60=0.00,PredHel=1,Topology=i104-126o
AF-G2YPQ4-F1-model_v4,len=178,ExpAA=0.00,First60=0.00,PredHel=0,Topology=o
AF-A0A0L6VP28-F1-model_v4,len=180,ExpAA=7.74,First60=7.73,PredHel=0,Topology=o
AF-A0A1E3IW44-F1-model_v4,len=173,ExpAA=0.45,First60=0.45,PredHel=0,Topology=o
AF-A0A834SGL6-F1-model_v4,len=236,ExpAA=0.28,First60=0.01,PredHel=0,Topology=o
AF-A0A319CIN4-F1-model_v4,len=314,ExpAA=0.23,First60=0.23,PredHel=0,Topology=o
AF-A0A5J5F480-F1-model_v4,len=169,ExpAA=2.19,First60=2.18,PredHel=0,Topology=o
AF-V5EQS1-F1-model_v4,len=561,ExpAA=0.40,First60=0.40,PredHel=0,Topology=o
AF-A0A6A6QK96-F1-model_v4,len=730,ExpAA=0.00,First60=0.00,PredHel=0,Topology=o
AF-A0A0K6G5M6-F1-model_v4,len=166,ExpAA=14.14,First60=14.02,PredHel=0,Topology=o
AF-A0A2I2FK15-F1-model_v4,len=121,ExpAA=0.03,First60=0.03,PredHel=0,Topology=o
AF-A0A163IWY6-F1-model_v4,len=558,ExpAA=13.27,First60=0.00,PredHel=0,Topology=o
AF-A0A139ITE9-F1-model_v4,len=112,ExpAA=2.93,First60=2.93,PredHel=0,Topology=o
AF-A0A1X2I4Z9-F1-model_v4,len=206,ExpAA=1.67,First60=1.67,PredHel=0,Topology=o
AF-A0A6A6UCK9-F1-model_v4,len=427,ExpAA=59.56,First60=27.42,PredHel=1,Topology=i5-27o
AF-A0A4Q2V9R4-F1-model_v4,len=110,ExpAA=7.27,First60=7.27,PredHel=0,Topology=o
AF-A0A834SGL6-F1-model_v4,len=236,ExpAA=0.28,First60=0.01,PredHel=0,Topology=o
AF-A0A4P9YUI7-F1-model_v4,len=286,ExpAA=30.73,First60=17.98,PredHel=0,Topology=o
AF-A0A2H3CSJ3-F1-model_v4,len=244,ExpAA=16.46,First60=16.44,PredHel=1,Topology=o10-27i
AF-A0A2S5B9R8-F1-model_v4,len=381,ExpAA=0.39,First60=0.38,PredHel=0,Topology=o
AF-A0A364LCC7-F1-model_v4,len=335,ExpAA=0.10,First60=0.10,PredHel=0,Topology=o
AF-A0A6A5XR06-F1-model_v4,len=451,ExpAA=10.08,First60=7.65,PredHel=0,Topology=o
AF-A0A5C5FWF2-F1-model_v4,len=229,ExpAA=8.58,First60=8.58,PredHel=0,Topology=o
AF-J5TUL5-F1-model_v4,len=394,ExpAA=0.33,First60=0.33,PredHel=0,Topology=o
AF-A0A093YFG2-F1-model_v4,len=533,ExpAA=30.17,First60=22.81,PredHel=1,Topology=o5-27i
AF-A0A409Y3C5-F1-model_v4,len=108,ExpAA=22.95,First60=22.25,PredHel=1,Topology=i5-27o
AF-A0A165XJC3-F1-model_v4,len=135,ExpAA=0.46,First60=0.46,PredHel=0,Topology=o
AF-A0A165P801-F1-model_v4,len=132,ExpAA=18.50,First60=18.50,PredHel=1,Topology=o4-26i
AF-A0A2T3A4D5-F1-model_v4,len=114,ExpAA=7.65,First60=7.61,PredHel=0,Topology=o
AF-A0A367J5K2-F1-model_v4,len=118,ExpAA=0.12,First60=0.12,PredHel=0,Topology=o
AF-A0A6A5JXL6-F1-model_v4,len=207,ExpAA=0.70,First60=0.00,PredHel=0,Topology=o
AF-A0A7J6J6X1-F1-model_v4,len=822,ExpAA=0.05,First60=0.00,PredHel=0,Topology=o
AF-A0A395NKR0-F1-model_v4,len=125,ExpAA=0.01,First60=0.01,PredHel=0,Topology=o
AF-A0A137P2U2-F1-model_v4,len=216,ExpAA=0.00,First60=0.00,PredHel=0,Topology=o
AF-W9Q3I7-F1-model_v4,len=258,ExpAA=10.66,First60=3.69,PredHel=0,Topology=o
AF-G9MWP7-F1-model_v4,len=112,ExpAA=3.31,First60=3.27,PredHel=0,Topology=o
AF-G2YCF2-F1-model_v4,len=232,ExpAA=17.07,First60=17.07,PredHel=1,Topology=o5-22i
AF-A0A0C4EH16-F1-model_v4,len=384,ExpAA=18.79,First60=16.03,PredHel=1,Topology=i5-27o
AF-A0A0D2GTA1-F1-model_v4,len=527,ExpAA=22.00,First60=20.85,PredHel=1,Topology=i2-24o
AF-G9N487-F1-model_v4,len=128,ExpAA=0.28,First60=0.28,PredHel=0,Topology=o
AF-A0A177C357-F1-model_v4,len=572,ExpAA=11.27,First60=10.78,PredHel=0,Topology=o
AF-A0A0J0XNM5-F1-model_v4,len=162,ExpAA=1.01,First60=0.99,PredHel=0,Topology=o
AF-A0A1Y1W820-F1-model_v4,len=127,ExpAA=0.02,First60=0.02,PredHel=0,Topology=o
AF-A0A4S4MRZ5-F1-model_v4,len=128,ExpAA=14.49,First60=14.37,PredHel=0,Topology=o
AF-W7E9W4-F1-model_v4,len=132,ExpAA=0.22,First60=0.20,PredHel=0,Topology=o
AF-A0A4Q2V9R4-F1-model_v4,len=110,ExpAA=7.27,First60=7.27,PredHel=0,Topology=o
AF-A0A1Y1VRD3-F1-model_v4,len=133,ExpAA=2.82,First60=2.74,PredHel=0,Topology=o
AF-A0A178ABG6-F1-model_v4,len=141,ExpAA=0.65,First60=0.64,PredHel=0,Topology=o
AF-A0A1A6A219-F1-model_v4,len=131,ExpAA=0.31,First60=0.31,PredHel=0,Topology=o
AF-C8VN07-F1-model_v4,len=133,ExpAA=2.56,First60=2.56,PredHel=0,Topology=o
AF-A0A0S1MIQ0-F1-model_v4,len=228,ExpAA=0.31,First60=0.31,PredHel=0,Topology=o
AF-A0A6G1L065-F1-model_v4,len=376,ExpAA=0.02,First60=0.00,PredHel=0,Topology=o
AF-B6QHD0-F1-model_v4,len=516,ExpAA=13.52,First60=13.20,PredHel=0,Topology=o
AF-M2ZZ79-F1-model_v4,len=108,ExpAA=0.23,First60=0.23,PredHel=0,Topology=o
AF-A0A3N4HYU8-F1-model_v4,len=118,ExpAA=4.81,First60=4.80,PredHel=0,Topology=o
AF-A0A1V6QPN8-F1-model_v4,len=549,ExpAA=14.21,First60=13.99,PredHel=0,Topology=o
AF-A0A165DUG4-F1-model_v4,len=135,ExpAA=0.29,First60=0.29,PredHel=0,Topology=o
AF-A0A6A6SHH9-F1-model_v4,len=592,ExpAA=0.02,First60=0.02,PredHel=0,Topology=o
AF-A0A1J7IYY2-F1-model_v4,len=243,ExpAA=0.10,First60=0.00,PredHel=0,Topology=o
AF-A0A7C8MGZ6-F1-model_v4,len=461,ExpAA=0.01,First60=0.00,PredHel=0,Topology=o
AF-A0A2N5SNX2-F1-model_v4,len=313,ExpAA=0.34,First60=0.22,PredHel=0,Topology=o
AF-W9NPA0-F1-model_v4,len=491,ExpAA=0.00,First60=0.00,PredHel=0,Topology=o
AF-A0A7H8R7A9-F1-model_v4,len=105,ExpAA=5.36,First60=5.36,PredHel=0,Topology=o
AF-A0A317XZK7-F1-model_v4,len=507,ExpAA=13.37,First60=13.36,PredHel=0,Topology=o
AF-A0A094KDJ1-F1-model_v4,len=125,ExpAA=19.30,First60=19.30,PredHel=1,Topology=i12-31o
AF-A0A0P1BA90-F1-model_v4,len=242,ExpAA=5.08,First60=5.08,PredHel=0,Topology=o
AF-A0A2T3A4D5-F1-model_v4,len=114,ExpAA=7.65,First60=7.61,PredHel=0,Topology=o
AF-A0A1L7W1H6-F1-model_v4,len=609,ExpAA=0.00,First60=0.00,PredHel=0,Topology=o
AF-A0A7T6XR96-F1-model_v4,len=439,ExpAA=19.62,First60=18.73,PredHel=1,Topology=i21-43o
AF-A0A420TI11-F1-model_v4,len=486,ExpAA=0.00,First60=0.00,PredHel=0,Topology=o
AF-A0A3D8RXB7-F1-model_v4,len=113,ExpAA=1.03,First60=1.03,PredHel=0,Topology=o
AF-A0A0C9UMZ3-F1-model_v4,len=184,ExpAA=13.14,First60=6.95,PredHel=0,Topology=o
AF-A0A316UUH7-F1-model_v4,len=129,ExpAA=5.88,First60=5.78,PredHel=0,Topology=o
AF-G2YYI2-F1-model_v4,len=242,ExpAA=14.87,First60=14.35,PredHel=0,Topology=o
AF-K5WL21-F1-model_v4,len=135,ExpAA=4.22,First60=4.21,PredHel=0,Topology=o
AF-A0A284RT10-F1-model_v4,len=188,ExpAA=0.00,First60=0.00,PredHel=0,Topology=o
AF-A0A4S4KUL1-F1-model_v4,len=133,ExpAA=0.43,First60=0.43,PredHel=0,Topology=o
AF-K3VR31-F1-model_v4,len=123,ExpAA=0.10,First60=0.10,PredHel=0,Topology=o
AF-A0A0H2RPU4-F1-model_v4,len=146,ExpAA=10.86,First60=10.84,PredHel=0,Topology=o
AF-M2ZZ79-F1-model_v4,len=108,ExpAA=0.23,First60=0.23,PredHel=0,Topology=o
AF-A0A6A5V3X0-F1-model_v4,len=167,ExpAA=4.14,First60=4.08,PredHel=0,Topology=o
AF-A0A197KG66-F1-model_v4,len=133,ExpAA=0.04,First60=0.00,PredHel=0,Topology=o
AF-A0A1V6UHW7-F1-model_v4,len=105,ExpAA=1.43,First60=1.43,PredHel=0,Topology=o
AF-A0A7H8R7A9-F1-model_v4,len=105,ExpAA=5.36,First60=5.36,PredHel=0,Topology=o
AF-A0A559L2U1-F1-model_v4,len=471,ExpAA=0.00,First60=0.00,PredHel=0,Topology=o
AF-A0A6A6W945-F1-model_v4,len=498,ExpAA=11.33,First60=11.20,PredHel=0,Topology=o
AF-A0A179HTM2-F1-model_v4,len=121,ExpAA=2.99,First60=2.99,PredHel=0,Topology=o
AF-A0A6A5KDY7-F1-model_v4,len=123,ExpAA=0.39,First60=0.39,PredHel=0,Topology=o
AF-W9PFM2-F1-model_v4,len=509,ExpAA=0.00,First60=0.00,PredHel=0,Topology=o
AF-A0A0A1TRY9-F1-model_v4,len=138,ExpAA=8.16,First60=7.71,PredHel=0,Topology=o
AF-A0A484F6H2-F1-model_v4,len=436,ExpAA=0.02,First60=0.01,PredHel=0,Topology=o
AF-A0A428NTD4-F1-model_v4,len=351,ExpAA=0.15,First60=0.00,PredHel=0,Topology=o
AF-E2LRZ9-F1-model_v4,len=132,ExpAA=17.50,First60=17.48,PredHel=1,Topology=i7-24o
AF-A0A6A6JED0-F1-model_v4,len=120,ExpAA=3.43,First60=3.43,PredHel=0,Topology=o
AF-A0A4Z1FSH2-F1-model_v4,len=122,ExpAA=17.01,First60=17.01,PredHel=0,Topology=o
AF-A0A2A9P6D2-F1-model_v4,len=126,ExpAA=5.31,First60=5.31,PredHel=0,Topology=o
AF-W9I3J2-F1-model_v4,len=571,ExpAA=21.40,First60=21.40,PredHel=1,Topology=i13-35o
AF-A0A1M2VP78-F1-model_v4,len=118,ExpAA=6.89,First60=6.89,PredHel=0,Topology=o
AF-A0A6A6ZGK9-F1-model_v4,len=93,ExpAA=0.10,First60=0.10,PredHel=0,Topology=o
AF-A0A1Y1Z9A3-F1-model_v4,len=244,ExpAA=7.02,First60=6.81,PredHel=0,Topology=o
AF-A0A6A6AZF2-F1-model_v4,len=123,ExpAA=10.51,First60=10.51,PredHel=0,Topology=o
AF-A0A1E1KY97-F1-model_v4,len=228,ExpAA=0.49,First60=0.48,PredHel=0,Topology=o
AF-A0A4P7N9E1-F1-model_v4,len=113,ExpAA=14.54,First60=14.54,PredHel=0,Topology=o
AF-A0A2C5ZXS9-F1-model_v4,len=189,ExpAA=20.78,First60=20.77,PredHel=1,Topology=o4-26i
AF-A0A3D8QBU0-F1-model_v4,len=118,ExpAA=1.88,First60=1.87,PredHel=0,Topology=o
AF-A0A0S7DTA8-F1-model_v4,len=135,ExpAA=0.47,First60=0.28,PredHel=0,Topology=o
AF-A0A1Y2VQ86-F1-model_v4,len=542,ExpAA=0.03,First60=0.03,PredHel=0,Topology=o
AF-A0A0M8MV41-F1-model_v4,len=130,ExpAA=0.74,First60=0.74,PredHel=0,Topology=o
AF-E3QKH1-F1-model_v4,len=106,ExpAA=15.84,First60=15.84,PredHel=1,Topology=i2-24o
AF-W4K9U4-F1-model_v4,len=129,ExpAA=0.00,First60=0.00,PredHel=0,Topology=o
AF-B0D404-F1-model_v4,len=266,ExpAA=1.36,First60=0.00,PredHel=0,Topology=o
AF-A0A4Q4UG46-F1-model_v4,len=123,ExpAA=10.57,First60=10.57,PredHel=0,Topology=o
AF-A0A2H3ISW1-F1-model_v4,len=350,ExpAA=0.17,First60=0.17,PredHel=0,Topology=o
AF-A0A179GJ77-F1-model_v4,len=117,ExpAA=7.04,First60=7.04,PredHel=0,Topology=o
AF-A0A4Z0YL53-F1-model_v4,len=104,ExpAA=6.90,First60=6.90,PredHel=0,Topology=o
AF-A0A6G1ILT3-F1-model_v4,len=114,ExpAA=0.22,First60=0.22,PredHel=0,Topology=o
AF-A0A179GJ77-F1-model_v4,len=117,ExpAA=7.04,First60=7.04,PredHel=0,Topology=o
AF-A0A428Q817-F1-model_v4,len=649,ExpAA=0.00,First60=0.00,PredHel=0,Topology=o
AF-A0A3D8RXB7-F1-model_v4,len=113,ExpAA=1.03,First60=1.03,PredHel=0,Topology=o
AF-A0A4Y7QI06-F1-model_v4,len=141,ExpAA=22.11,First60=22.07,PredHel=1,Topology=i7-29o
AF-N4UKC9-F1-model_v4,len=193,ExpAA=0.00,First60=0.00,PredHel=0,Topology=o
AF-A0A8A3NZN5-F1-model_v4,len=130,ExpAA=0.69,First60=0.66,PredHel=0,Topology=o
AF-A0A6A5KDY7-F1-model_v4,len=123,ExpAA=0.39,First60=0.39,PredHel=0,Topology=o
AF-A0A1B8FNN2-F1-model_v4,len=417,ExpAA=19.68,First60=19.62,PredHel=1,Topology=i9-28o
AF-A0A094F0V6-F1-model_v4,len=121,ExpAA=0.46,First60=0.46,PredHel=0,Topology=o
AF-A0A6A6J9D4-F1-model_v4,len=118,ExpAA=1.05,First60=1.05,PredHel=0,Topology=o
AF-A0A6A6EEB4-F1-model_v4,len=523,ExpAA=12.27,First60=12.22,PredHel=0,Topology=o
AF-A0A2H3IEP6-F1-model_v4,len=142,ExpAA=0.24,First60=0.24,PredHel=0,Topology=o
AF-A0A6A6VKY7-F1-model_v4,len=935,ExpAA=0.40,First60=0.20,PredHel=0,Topology=o
AF-A0A086SXB9-F1-model_v4,len=122,ExpAA=0.24,First60=0.24,PredHel=0,Topology=o
AF-A0A5C3QYT7-F1-model_v4,len=131,ExpAA=21.73,First60=21.69,PredHel=1,Topology=i5-27o
AF-A0A2I1CRU5-F1-model_v4,len=113,ExpAA=0.80,First60=0.80,PredHel=0,Topology=o
AF-A0A0J0XE65-F1-model_v4,len=103,ExpAA=0.32,First60=0.31,PredHel=0,Topology=o
AF-W3WW00-F1-model_v4,len=572,ExpAA=0.47,First60=0.40,PredHel=0,Topology=o
AF-A0A2I1CRU5-F1-model_v4,len=113,ExpAA=0.80,First60=0.80,PredHel=0,Topology=o
AF-A0A6H0XQY3-F1-model_v4,len=128,ExpAA=20.66,First60=20.66,PredHel=1,Topology=o10-32i
AF-A0A6A6ZFG4-F1-model_v4,len=452,ExpAA=0.84,First60=0.69,PredHel=0,Topology=o
AF-T0K699-F1-model_v4,len=111,ExpAA=1.10,First60=1.10,PredHel=0,Topology=o
AF-A0A5B0RG06-F1-model_v4,len=233,ExpAA=13.45,First60=0.98,PredHel=0,Topology=o
AF-A0A6A6S229-F1-model_v4,len=542,ExpAA=7.94,First60=7.82,PredHel=0,Topology=o
AF-A0A165J7P8-F1-model_v4,len=129,ExpAA=11.12,First60=11.12,PredHel=0,Topology=o
AF-A0A0D2XKJ4-F1-model_v4,len=490,ExpAA=0.00,First60=0.00,PredHel=0,Topology=o
AF-A0A6A5VH66-F1-model_v4,len=225,ExpAA=10.94,First60=10.79,PredHel=0,Topology=o
AF-C7Z009-F1-model_v4,len=598,ExpAA=0.00,First60=0.00,PredHel=0,Topology=o
AF-A0A6A6JED0-F1-model_v4,len=120,ExpAA=3.43,First60=3.43,PredHel=0,Topology=o
AF-A0A177C6V1-F1-model_v4,len=149,ExpAA=4.69,First60=4.69,PredHel=0,Topology=o
AF-A0A5N6TXN2-F1-model_v4,len=139,ExpAA=0.59,First60=0.59,PredHel=0,Topology=o
AF-A0A6A6TRB3-F1-model_v4,len=331,ExpAA=13.71,First60=13.69,PredHel=0,Topology=o
AF-A0A0P7B0Q4-F1-model_v4,len=120,ExpAA=0.11,First60=0.11,PredHel=0,Topology=o
AF-A0A165JVT1-F1-model_v4,len=121,ExpAA=0.66,First60=0.61,PredHel=0,Topology=o
AF-A0A4P6XNI9-F1-model_v4,len=184,ExpAA=0.28,First60=0.28,PredHel=0,Topology=o
AF-A0A3D8QBU0-F1-model_v4,len=118,ExpAA=1.88,First60=1.87,PredHel=0,Topology=o
AF-A0A1Y2DRE2-F1-model_v4,len=140,ExpAA=1.18,First60=1.15,PredHel=0,Topology=o
AF-T0K699-F1-model_v4,len=111,ExpAA=1.10,First60=1.10,PredHel=0,Topology=o
AF-A0A2V5HBQ8-F1-model_v4,len=167,ExpAA=7.22,First60=2.45,PredHel=0,Topology=o
AF-N1Q5E8-F1-model_v4,len=408,ExpAA=1.88,First60=0.54,PredHel=0,Topology=o
AF-A0A094FBW1-F1-model_v4,len=129,ExpAA=0.30,First60=0.24,PredHel=0,Topology=o
AF-A0A094CBB6-F1-model_v4,len=138,ExpAA=0.14,First60=0.14,PredHel=0,Topology=o
AF-A0A1V6N778-F1-model_v4,len=521,ExpAA=2.00,First60=1.87,PredHel=0,Topology=o
AF-M5FVD5-F1-model_v4,len=146,ExpAA=21.19,First60=21.16,PredHel=1,Topology=o15-37i
AF-S0EB69-F1-model_v4,len=621,ExpAA=0.00,First60=0.00,PredHel=0,Topology=o
AF-A0A067MXF5-F1-model_v4,len=132,ExpAA=8.12,First60=7.99,PredHel=0,Topology=o
AF-A0A2B7YEZ6-F1-model_v4,len=144,ExpAA=6.13,First60=6.13,PredHel=0,Topology=o
AF-A0A2T4AF96-F1-model_v4,len=1275,ExpAA=0.00,First60=0.00,PredHel=0,Topology=o
AF-A0A4Z0YI40-F1-model_v4,len=126,ExpAA=11.42,First60=11.42,PredHel=0,Topology=o
AF-A0A0G2F073-F1-model_v4,len=965,ExpAA=227.98,First60=2.71,PredHel=11,Topology=i77-99o103-125i134-156o166-183i230-252o267-289i296-315o320-342i355-377o392-414i446-468o
AF-K5XMZ4-F1-model_v4,len=149,ExpAA=19.30,First60=19.28,PredHel=1,Topology=i12-34o
AF-A0A150UQ05-F1-model_v4,len=133,ExpAA=8.07,First60=8.06,PredHel=0,Topology=o
AF-A0A7C8I3I9-F1-model_v4,len=128,ExpAA=3.52,First60=3.45,PredHel=0,Topology=o
AF-A0A1Q3EJA0-F1-model_v4,len=130,ExpAA=11.88,First60=11.88,PredHel=0,Topology=o
AF-A0A7J6IZF4-F1-model_v4,len=907,ExpAA=0.11,First60=0.00,PredHel=0,Topology=o
AF-A0A5M8PY82-F1-model_v4,len=527,ExpAA=21.85,First60=21.47,PredHel=1,Topology=i13-35o
AF-A0A1Y2VAL5-F1-model_v4,len=130,ExpAA=5.68,First60=5.68,PredHel=0,Topology=o
AF-A0A6A6BNV2-F1-model_v4,len=1219,ExpAA=72.79,First60=21.87,PredHel=3,Topology=i7-29o579-601i792-814o
AF-A0A179H2D4-F1-model_v4,len=127,ExpAA=1.51,First60=1.30,PredHel=0,Topology=o
AF-A0A1M2VKK1-F1-model_v4,len=151,ExpAA=22.11,First60=22.11,PredHel=1,Topology=i7-29o
AF-A0A0I9XJ39-F1-model_v4,len=141,ExpAA=0.36,First60=0.36,PredHel=0,Topology=o
AF-A0A4Z0YE94-F1-model_v4,len=127,ExpAA=0.26,First60=0.26,PredHel=0,Topology=o
AF-A0A4Z1FRG2-F1-model_v4,len=423,ExpAA=13.81,First60=13.75,PredHel=1,Topology=i2-21o
AF-Q5B8X2-F1-model_v4,len=116,ExpAA=9.55,First60=9.54,PredHel=0,Topology=o
AF-A0A4V5NHU1-F1-model_v4,len=328,ExpAA=0.17,First60=0.07,PredHel=0,Topology=o
AF-A0A397H9I5-F1-model_v4,len=128,ExpAA=0.67,First60=0.66,PredHel=0,Topology=o
AF-A0A0B4FCB3-F1-model_v4,len=115,ExpAA=15.02,First60=15.02,PredHel=1,Topology=i5-22o
AF-A0A010RNQ5-F1-model_v4,len=127,ExpAA=0.14,First60=0.14,PredHel=0,Topology=o
AF-A0A4S2MW76-F1-model_v4,len=166,ExpAA=7.09,First60=7.08,PredHel=0,Topology=o
AF-A0A4Q4TR87-F1-model_v4,len=648,ExpAA=0.05,First60=0.00,PredHel=0,Topology=o
AF-A0A7C8Q938-F1-model_v4,len=462,ExpAA=0.00,First60=0.00,PredHel=0,Topology=o
AF-A0A6A6SJI2-F1-model_v4,len=367,ExpAA=18.02,First60=15.87,PredHel=0,Topology=o
AF-W3WZW0-F1-model_v4,len=128,ExpAA=11.23,First60=11.21,PredHel=0,Topology=o
AF-A0A4Q4WDW0-F1-model_v4,len=113,ExpAA=1.50,First60=1.50,PredHel=0,Topology=o
AF-A0A2V1E2L1-F1-model_v4,len=642,ExpAA=6.79,First60=6.79,PredHel=0,Topology=o
AF-A0A3M2SIC3-F1-model_v4,len=610,ExpAA=0.01,First60=0.00,PredHel=0,Topology=o
AF-A0A7C8JV81-F1-model_v4,len=422,ExpAA=0.02,First60=0.02,PredHel=0,Topology=o
AF-A0A7C8I3I9-F1-model_v4,len=128,ExpAA=3.52,First60=3.45,PredHel=0,Topology=o
AF-A0A1G4AQ17-F1-model_v4,len=453,ExpAA=0.00,First60=0.00,PredHel=0,Topology=o
AF-A0A8A3PLP2-F1-model_v4,len=125,ExpAA=0.76,First60=0.76,PredHel=0,Topology=o
AF-A0A395RNG0-F1-model_v4,len=121,ExpAA=1.37,First60=1.37,PredHel=0,Topology=o
AF-A0A6A6CHJ1-F1-model_v4,len=125,ExpAA=1.09,First60=1.09,PredHel=0,Topology=o
AF-A0A369JVS4-F1-model_v4,len=130,ExpAA=22.78,First60=22.71,PredHel=1,Topology=i5-27o
AF-A0A6G1K1L7-F1-model_v4,len=292,ExpAA=1.43,First60=1.43,PredHel=0,Topology=o
AF-A0A6A5YVT2-F1-model_v4,len=118,ExpAA=1.46,First60=1.46,PredHel=0,Topology=o
AF-A0A1Y2TM60-F1-model_v4,len=601,ExpAA=0.02,First60=0.00,PredHel=0,Topology=o
AF-A0A2H3DRQ3-F1-model_v4,len=120,ExpAA=2.65,First60=2.65,PredHel=0,Topology=o
AF-A0A1V1TCA6-F1-model_v4,len=557,ExpAA=0.00,First60=0.00,PredHel=0,Topology=o
AF-A0A1C1C855-F1-model_v4,len=199,ExpAA=2.72,First60=0.53,PredHel=0,Topology=o
AF-A0A0D2F5X2-F1-model_v4,len=302,ExpAA=13.17,First60=12.88,PredHel=0,Topology=o
AF-A0A175VSU8-F1-model_v4,len=328,ExpAA=2.52,First60=0.77,PredHel=0,Topology=o
AF-A0A1C1CDI9-F1-model_v4,len=199,ExpAA=22.38,First60=11.00,PredHel=1,Topology=i50-72o
AF-A0A175WGW5-F1-model_v4,len=756,ExpAA=0.00,First60=0.00,PredHel=0,Topology=o
AF-A0A1C1CDG6-F1-model_v4,len=422,ExpAA=2.88,First60=2.85,PredHel=0,Topology=o
AF-A0A1C1CDI9-F1-model_v4,len=199,ExpAA=22.38,First60=11.00,PredHel=1,Topology=i50-72o
AF-U7Q581-F1-model_v4,len=437,ExpAA=0.04,First60=0.00,PredHel=0,Topology=o
AF-A0A175VQT3-F1-model_v4,len=798,ExpAA=0.00,First60=0.00,PredHel=0,Topology=o
AF-A0A175VRI7-F1-model_v4,len=809,ExpAA=0.00,First60=0.00,PredHel=0,Topology=o
AF-A0A0D2E2M3-F1-model_v4,len=398,ExpAA=1.73,First60=1.62,PredHel=0,Topology=o
AF-A0A1D8PPI4-F1-model_v4,len=350,ExpAA=0.51,First60=0.28,PredHel=0,Topology=o
AF-A0A1C1CQ00-F1-model_v4,len=700,ExpAA=0.03,First60=0.03,PredHel=0,Topology=o
AF-A0A175VZ46-F1-model_v4,len=581,ExpAA=0.00,First60=0.00,PredHel=0,Topology=o
AF-C1GQT3-F1-model_v4,len=458,ExpAA=0.36,First60=0.34,PredHel=0,Topology=o
AF-A0A1D8PLB8-F1-model_v4,len=333,ExpAA=0.64,First60=0.05,PredHel=0,Topology=o
AF-A0A175VMP5-F1-model_v4,len=669,ExpAA=0.03,First60=0.00,PredHel=0,Topology=o
AF-P47145-F1-model_v4,len=328,ExpAA=0.12,First60=0.04,PredHel=0,Topology=o
AF-A0A1C1CAT6-F1-model_v4,len=1116,ExpAA=0.01,First60=0.00,PredHel=0,Topology=o
AF-C0P160-F1-model_v4,len=485,ExpAA=0.96,First60=0.74,PredHel=0,Topology=o
AF-A0A0D2F206-F1-model_v4,len=599,ExpAA=0.00,First60=0.00,PredHel=0,Topology=o
AF-A0A175VYR5-F1-model_v4,len=248,ExpAA=3.42,First60=3.36,PredHel=0,Topology=o
AF-A0A0D2H9R1-F1-model_v4,len=581,ExpAA=0.00,First60=0.00,PredHel=0,Topology=o
AF-C0NS84-F1-model_v4,len=684,ExpAA=0.01,First60=0.01,PredHel=0,Topology=o
AF-C1H5U1-F1-model_v4,len=739,ExpAA=12.18,First60=1.44,PredHel=0,Topology=o
AF-A0A175WGV5-F1-model_v4,len=416,ExpAA=0.00,First60=0.00,PredHel=0,Topology=o
AF-A0A0D2G9C0-F1-model_v4,len=624,ExpAA=0.01,First60=0.00,PredHel=0,Topology=o
AF-A0A175W315-F1-model_v4,len=373,ExpAA=0.01,First60=0.00,PredHel=0,Topology=o
AF-U7PR63-F1-model_v4,len=286,ExpAA=0.00,First60=0.00,PredHel=0,Topology=o
AF-A0A1C1CQS0-F1-model_v4,len=1144,ExpAA=0.02,First60=0.00,PredHel=0,Topology=o
AF-A0A0D2DT08-F1-model_v4,len=1130,ExpAA=0.00,First60=0.00,PredHel=0,Topology=o
AF-A0A175VZK1-F1-model_v4,len=417,ExpAA=0.00,First60=0.00,PredHel=0,Topology=o
AF-A0A175VZF5-F1-model_v4,len=269,ExpAA=9.25,First60=6.93,PredHel=0,Topology=o
AF-A0A175W7W2-F1-model_v4,len=252,ExpAA=23.38,First60=6.62,PredHel=0,Topology=o
AF-A0A175W4H2-F1-model_v4,len=542,ExpAA=0.13,First60=0.04,PredHel=0,Topology=o
AF-A0A1C1CZL4-F1-model_v4,len=558,ExpAA=0.05,First60=0.00,PredHel=0,Topology=o
AF-A0A1C1CDK0-F1-model_v4,len=469,ExpAA=0.37,First60=0.00,PredHel=0,Topology=o
AF-A0A175WGD2-F1-model_v4,len=320,ExpAA=0.05,First60=0.00,PredHel=0,Topology=o
AF-A0A1C1CST2-F1-model_v4,len=264,ExpAA=10.50,First60=10.50,PredHel=0,Topology=o
AF-U7Q4H5-F1-model_v4,len=550,ExpAA=25.79,First60=19.99,PredHel=1,Topology=i11-33o
AF-A0A1C1CWG4-F1-model_v4,len=532,ExpAA=31.92,First60=21.85,PredHel=2,Topology=o4-26i324-346o
AF-C1H4J3-F1-model_v4,len=2155,ExpAA=16.06,First60=16.01,PredHel=0,Topology=o
AF-A0A0D2GTA1-F1-model_v4,len=527,ExpAA=22.00,First60=20.85,PredHel=1,Topology=i2-24o
AF-U7PT16-F1-model_v4,len=456,ExpAA=22.67,First60=0.00,PredHel=1,Topology=i158-180o
AF-C0NMB2-F1-model_v4,len=122,ExpAA=5.02,First60=5.00,PredHel=0,Topology=o
AF-A0A0D2DJW6-F1-model_v4,len=562,ExpAA=0.02,First60=0.00,PredHel=0,Topology=o
AF-Q5AMF9-F1-model_v4,len=251,ExpAA=15.48,First60=15.48,PredHel=0,Topology=o
AF-A0A0D2GCN2-F1-model_v4,len=529,ExpAA=21.96,First60=20.49,PredHel=1,Topology=i7-26o
AF-A0A175VT18-F1-model_v4,len=350,ExpAA=22.90,First60=0.00,PredHel=1,Topology=o323-345i
AF-C1GRD6-F1-model_v4,len=140,ExpAA=3.07,First60=3.06,PredHel=0,Topology=o
AF-A0A175VU86-F1-model_v4,len=909,ExpAA=0.00,First60=0.00,PredHel=0,Topology=o
AF-A0A0D2FIP4-F1-model_v4,len=333,ExpAA=7.66,First60=7.57,PredHel=0,Topology=o
AF-A0A1C1CJV8-F1-model_v4,len=1169,ExpAA=3.63,First60=1.45,PredHel=0,Topology=o
AF-C0NS76-F1-model_v4,len=145,ExpAA=4.88,First60=3.80,PredHel=0,Topology=o
AF-A0A0D2GXB3-F1-model_v4,len=1170,ExpAA=5.70,First60=2.54,PredHel=0,Topology=o
AF-A0A1C1CIK2-F1-model_v4,len=281,ExpAA=8.22,First60=8.22,PredHel=0,Topology=o
AF-C0NHS7-F1-model_v4,len=1167,ExpAA=0.99,First60=0.19,PredHel=0,Topology=o
AF-A0A0D2FCS7-F1-model_v4,len=203,ExpAA=23.03,First60=7.54,PredHel=1,Topology=i54-76o
AF-A0A0D2EP98-F1-model_v4,len=333,ExpAA=1.60,First60=1.56,PredHel=0,Topology=o
AF-C1H175-F1-model_v4,len=1175,ExpAA=0.44,First60=0.08,PredHel=0,Topology=o
AF-A0A1C1CWE7-F1-model_v4,len=349,ExpAA=14.85,First60=14.83,PredHel=0,Topology=o
AF-P87020-F1-model_v4,len=299,ExpAA=8.35,First60=8.35,PredHel=0,Topology=o
AF-A0A0D2GZD6-F1-model_v4,len=600,ExpAA=0.22,First60=0.13,PredHel=0,Topology=o
